segmentnr	original	analyzed	translated
['ZH_T14_0514_001:0785c03_0']	ä½›èªªè««ç‹ç¶“	ä½›èªªè««ç‹ç¶“	The Buddha Speaks the SÅ«tra on Admonishing the King
['ZH_T14_0514_001:0785c05_0']	å®‹å®‰é™½ä¾¯æ²®æ¸ äº¬è²è­¯	å®‹å®‰é™½ä¾¯æ²®æ¸ äº¬è²è­¯	Translated by Song Dynasty An Yang Hou Ju Qu Jing Sheng
['ZH_T14_0514_001:0785c06_0']	å¦‚æ˜¯æˆ‘èï¼šä¸€æ™‚ï¼Œä½›åœ¨èˆè¡›åœ‹ç¥‡æ¨¹çµ¦å­¤ç¨åœ’ã€‚	å¦‚æ˜¯æˆ‘èï¼šä¸€æ™‚ï¼Œä½›åœ¨èˆè¡›åœ‹ç¥‡æ¨¹çµ¦å­¤ç¨åœ’ã€‚	Thus have I heard: Once, the Buddha was at Jetavana AnÄthapiá¹‡á¸ada-ÄrÄma in the country of ÅšrÄvastÄ«.
['ZH_T14_0514_001:0785c08_13']	æ˜¯æ™‚ï¼Œåœ‹ç‹åä¸é›¢å…ˆå°¼ï¼Œå‡ºè¡Œåœ‹ç•Œï¼Œé“éä½›æ‰€ï¼Œèº«è’™å¡µåœŸï¼Œè§£åŠé€€è“‹ç‚ºä½›ä½œç¦®ã€‚	æ˜¯æ™‚ï¼Œåœ‹ç‹åä¸é›¢å…ˆå°¼ï¼Œå‡ºè¡Œåœ‹ç•Œï¼Œé“éä½›æ‰€ï¼Œèº«è’™å¡µåœŸï¼Œè§£åŠé€€è“‹ç‚ºä½›ä½œç¦®ã€‚	At that time, the king named Abhiya was traveling in the country and passed by the Buddha on the road. He was covered in dust and dirt. He untied his sword and lowered his parasol to pay homage to the Buddha.
['ZH_T14_0514_001:0785c08_17']	å¤©å°Šæ›°ï¼š	å¤©å°Šæ›°ï¼š	The Heavenly Honored One said:
['ZH_T14_0514_001:0785c09_1']	ã€Œå°±åã€‚	ã€Œå°±åã€‚	Take a seat.
['ZH_T14_0514_001:0785c09_6']	ã€ç‹å³åã€‚	ã€ç‹å³åã€‚	The king then sat down.
['ZH_T14_0514_001:0785c09_10']	ä½›å•ç‹ï¼š	ä½›å•ç‹ï¼š	The Buddha asked the king:
['ZH_T14_0514_001:0785c09_21']	ã€Œç‹æ‰€å¾ä¾†ï¼Œèº«è’™å¡µåœŸã€‚	ã€Œç‹æ‰€å¾ä¾†ï¼Œèº«è’™å¡µåœŸã€‚	Where have you come from, covered in dust and dirt?
['ZH_T14_0514_001:0785c10_6']	ã€ç‹å³é€€åï¼Œç¨½é¦–å°ï¼š	ã€ç‹å³é€€åï¼Œç¨½é¦–å°ï¼š	The king then stepped back, bowed his head, and replied:
['ZH_T14_0514_001:0785c10_9']	ã€Œè«¾ï¼	ã€Œè«¾ï¼	Yes!
['ZH_T14_0514_001:0785c10_18']	å±¬è¡Œåœ‹ç•Œæœ‰ç½ç•°è€…ã€‚	å±¬è¡Œåœ‹ç•Œæœ‰ç½ç•°è€…ã€‚	Recently, while traveling in the country, there have been disasters and strange occurrences.
['ZH_T14_0514_001:0785c11_1']	ã€ä½›å‘Šç‹æ›°ï¼š	ã€ä½›å‘Šç‹æ›°ï¼š	The Buddha told the king:
['ZH_T14_0514_001:0785c12_9']	ã€Œç‹æ²»ç•¶ä»¥æ­£æ³•ï¼Œç„¡å¤±ç¯€åº¦ï¼Œå¸¸ä»¥æ…ˆå¿ƒé¤Šè‚²äººæ°‘ï¼Œæ‰€ä»¥å¾—éœ¸æ²»ã€‚	ã€Œç‹æ²»ç•¶ä»¥æ­£æ³•ï¼Œç„¡å¤±ç¯€åº¦ï¼Œå¸¸ä»¥æ…ˆå¿ƒé¤Šè‚²äººæ°‘ï¼Œæ‰€ä»¥å¾—éœ¸æ²»ã€‚	The king should govern with proper Dharma, without losing proper measure, and always nourish the people with a compassionate mind, so as to attain hegemony and governance.
['ZH_T14_0514_001:0785c13_13']	ç‚ºåœ‹ç‹è€…ï¼Œçš†ç”±å®¿å‘½è¡Œå–„æ‰€è‡´ï¼Œçµ±ç†æ°‘äº‹ä¸å¯åæ‰ã€‚	ç‚ºåœ‹ç‹è€…ï¼Œçš†ç”±å®¿å‘½è¡Œå–„æ‰€è‡´ï¼Œçµ±ç†æ°‘äº‹ä¸å¯åæ‰ã€‚	The reason kings rule countries is all due to the good deeds they have done in past lives. In managing affairs for the people, they should not be biased or unjust.
['ZH_T14_0514_001:0785c16_3']	è«¸å…¬å¿ç¾¤å¯®ä¸‹é€®å‡¡æ°‘çš†æœ‰æ€¨è¾­ï¼Œç‹æ²»è¡Œä¸å¹³æµ·å…§çš†å¿¿ï¼Œèº«æ­»é­‚ç¥å¸¸å…¥å¤ªå±±åœ°ç„ï¼Œå¾Œé›–æ‚”ä¹‹ç„¡æ‰€å¾©åŠã€‚	è«¸å…¬å¿ç¾¤å¯®ä¸‹é€®å‡¡æ°‘çš†æœ‰æ€¨è¾­ï¼Œç‹æ²»è¡Œä¸å¹³æµ·å…§çš†å¿¿ï¼Œèº«æ­»é­‚ç¥å¸¸å…¥å¤ªå±±åœ°ç„ï¼Œå¾Œé›–æ‚”ä¹‹ç„¡æ‰€å¾©åŠã€‚	The officials, the masses, and even the common people all have complaints. If the king's governance is not fair, the entire country will be resentful. After death, their souls will always enter the hells of Mount Tai. Later, even if they regret it, there is nothing they can do about it.
['ZH_T14_0514_001:0785c18_3']	ç‹æ²»åœ‹å¹³æ­£å¸¸ä»¥ç¯€åº¦ï¼Œè‡£æ°‘æ­å¾·å››æµ·æ­¸å¿ƒï¼Œå¤©ã€é¾ã€é¬¼ç¥çš†èç‹å–„ï¼Œæ­»å¾—ä¸Šå¤©å¾Œäº¦ç„¡æ‚”ã€‚	ç‹æ²»åœ‹å¹³æ­£å¸¸ä»¥ç¯€åº¦ï¼Œè‡£æ°‘æ­å¾·å››æµ·æ­¸å¿ƒï¼Œå¤©ã€é¾ã€é¬¼ç¥çš†èç‹å–„ï¼Œæ­»å¾—ä¸Šå¤©å¾Œäº¦ç„¡æ‚”ã€‚	If the king governs the country fairly and appropriately, the ministers and people will praise his virtue and the four seas will turn to him. The gods, dragons, and spirits will all hear of the king's goodness. After death, he will ascend to heaven and have no regrets later.
['ZH_T14_0514_001:0785c20_7']	ç‹ç„¡å¥½å©¬å¦·ä»¥è‡ªè’å£ï¼Œç„¡ä»¥å¿¿æ„æœ‰æ‰€æ®˜è³Šï¼Œç•¶å—å¿ è‡£å‰›ç›´ä¹‹è««ï¼Œå¤«èˆ‡äººè¨€ï¼Œå¸¸ä»¥å¯¬è©³ç„¡ç¼ç†±ä¹‹ã€‚	ç‹ç„¡å¥½å©¬å¦·ä»¥è‡ªè’å£ï¼Œç„¡ä»¥å¿¿æ„æœ‰æ‰€æ®˜è³Šï¼Œç•¶å—å¿ è‡£å‰›ç›´ä¹‹è««ï¼Œå¤«èˆ‡äººè¨€ï¼Œå¸¸ä»¥å¯¬è©³ç„¡ç¼ç†±ä¹‹ã€‚	The king should not indulge in lust to ruin himself. He should not harm others out of anger. He should accept the admonitions of loyal ministers and be straightforward. When speaking to others, he should always be lenient and not rash.
['ZH_T14_0514_001:0785c20_17']	ã€Œç•¶ä»¥å››æ„å¾…æ–¼åœ‹æ°‘ã€‚	ã€Œç•¶ä»¥å››æ„å¾…æ–¼åœ‹æ°‘ã€‚	The king should treat the people with four intentions.
['ZH_T14_0514_001:0785c21_2']	ä½•è¬‚ç‚ºå››ï¼Ÿ	ä½•è¬‚ç‚ºå››ï¼Ÿ	What are the four?
['ZH_T14_0514_001:0785c22_11']	éš¨æ™‚å»©èˆ‡ï¼Œå’Œæ„èˆ‡èªï¼Œæ‰€æœ‰çå¯¶èˆ‡æ°‘å…±ä¹‹ï¼Œå è¦–è€ç—…åŠè«¸é°¥å¯¡ã€‚	éš¨æ™‚å»©èˆ‡ï¼Œå’Œæ„èˆ‡èªï¼Œæ‰€æœ‰çå¯¶èˆ‡æ°‘å…±ä¹‹ï¼Œå è¦–è€ç—…åŠè«¸é°¥å¯¡ã€‚	Providing timely assistance, speaking with a harmonious mind, sharing his precious treasures with the people, and caring for the elderly, sick, and widowed.
['ZH_T14_0514_001:0785c23_15']	ç‹å¦‚æ˜¯è€…ï¼Œåœ‹ä¸­å’Œå¹³å³å¾—å…¶ç¦ï¼Œå£½çµ‚ä¸Šå¤©æ‰€é¡˜è‡ªç„¶ã€‚	ç‹å¦‚æ˜¯è€…ï¼Œåœ‹ä¸­å’Œå¹³å³å¾—å…¶ç¦ï¼Œå£½çµ‚ä¸Šå¤©æ‰€é¡˜è‡ªç„¶ã€‚	If the king is like this, the country will be peaceful and he will obtain its blessings. Upon death, he will ascend to heaven and his wishes will naturally be fulfilled.
['ZH_T14_0514_001:0785c26_13']	ç‹ä¸å¯ä»¥å¸¸å¾—è‡ªåœ¨ï¼Œäººçš†æ•¬ç•ä»¥ä¹‹ç‚ºæ¨‚ï¼Œåè±¡ã€å¥½é¦¬ã€å¯¶è»Šã€è³¢è‡£ï¼Œç¾¤å¯®ç™¾å®˜å°å¾å‰å¾Œï¼Œå…§è—çå¯¶å€‰åº«ç™¾ç‰©ï¼Œçš†ç•¶è…å£ç„¡é•·å­˜è€…ã€‚	ç‹ä¸å¯ä»¥å¸¸å¾—è‡ªåœ¨ï¼Œäººçš†æ•¬ç•ä»¥ä¹‹ç‚ºæ¨‚ï¼Œåè±¡ã€å¥½é¦¬ã€å¯¶è»Šã€è³¢è‡£ï¼Œç¾¤å¯®ç™¾å®˜å°å¾å‰å¾Œï¼Œå…§è—çå¯¶å€‰åº«ç™¾ç‰©ï¼Œçš†ç•¶è…å£ç„¡é•·å­˜è€…ã€‚	The king cannot always be self-indulgent, respected and feared by all, and consider that as joy. Famous elephants, fine horses, jeweled carriages, wise ministers, officials, and hundreds of officers leading in front and following behind, precious treasures in the inner treasury, and hundreds of items in the granaries will all rot and decay, with nothing remaining.
['ZH_T14_0514_001:0786a01_15']	ã€Œå¹´å°‘æœƒè€å¼·å¥å¿…ç—…ï¼Œå«è¡€ä¹‹é¡çš†ç•¶æ­¸æ­»ï¼Œçå¯¶ã€å¦»å­ã€å®¶å®¤å…§å¤–ä¸å¯å¸¸å¾—ï¼Œå¦‚äººå¤¢è¦‹æ®¿èˆã€å¥½åœ’ã€æ¨¹æœ¨ã€èŠ±æœã€æ± æ°´ã€æµæ³‰ï¼ŒéŠæˆ²å…¶ä¸­å¿«æ¨‚ç„¡æ¥µï¼Œå¯¤å‰‡éœç„¶è«çŸ¥æ‰€åœ¨ï¼Œè¦©ä¸–æ‰€æœ‰çš†å¦‚äººå¤¢ã€‚	ã€Œå¹´å°‘æœƒè€å¼·å¥å¿…ç—…ï¼Œå«è¡€ä¹‹é¡çš†ç•¶æ­¸æ­»ï¼Œçå¯¶ã€å¦»å­ã€å®¶å®¤å…§å¤–ä¸å¯å¸¸å¾—ï¼Œå¦‚äººå¤¢è¦‹æ®¿èˆã€å¥½åœ’ã€æ¨¹æœ¨ã€èŠ±æœã€æ± æ°´ã€æµæ³‰ï¼ŒéŠæˆ²å…¶ä¸­å¿«æ¨‚ç„¡æ¥µï¼Œå¯¤å‰‡éœç„¶è«çŸ¥æ‰€åœ¨ï¼Œè¦©ä¸–æ‰€æœ‰çš†å¦‚äººå¤¢ã€‚	Young people will eventually grow old, the strong will inevitably become ill, and all living beings will eventually die. Precious treasures, wives, children, and the inner and outer quarters cannot always be obtained. It is like a person dreaming of a palace, beautiful gardens, trees, flowers, fruits, ponds, and flowing springs, playing and enjoying themselves to the utmost, but upon waking, they suddenly disappear and cannot be found. All that exists in the world is like a person's dream.
['ZH_T14_0514_001:0786a03_2']	ã€Œç‹å¯§è¦‹æ¨¹æœ‰è¯æœï¼Œè¯æœä¸èƒ½å¸¸è‘—æ¨¹ï¼Œé’é’ä¹‹è‘‰æœƒæœ‰èè½ï¼›	ã€Œç‹å¯§è¦‹æ¨¹æœ‰è¯æœï¼Œè¯æœä¸èƒ½å¸¸è‘—æ¨¹ï¼Œé’é’ä¹‹è‘‰æœƒæœ‰èè½ï¼›	Have you seen trees with flowers and fruits? The flowers and fruits cannot always remain on the tree, and even the lush leaves will eventually wither and fall.
['ZH_T14_0514_001:0786a04_3']	å¤©å† ã€å·¾å¹˜ã€é»¼é»»ã€åæœä¸èƒ½å¸¸å¥½ï¼Œæµæ°´ä¸èƒ½å¸¸æ»¿ï¼›	å¤©å† ã€å·¾å¹˜ã€é»¼é»»ã€åæœä¸èƒ½å¸¸å¥½ï¼Œæµæ°´ä¸èƒ½å¸¸æ»¿ï¼›	Heavenly crowns, headdresses, embroidered robes, and famous garments cannot always remain beautiful, and flowing water cannot always remain full.
['ZH_T14_0514_001:0786a04_17']	æ”¾ç«æ› é‡ï¼Œç«ç››ç„°èµ«ä¸ä¹…å‰‡æ»…ï¼›	æ”¾ç«æ› é‡ï¼Œç«ç››ç„°èµ«ä¸ä¹…å‰‡æ»…ï¼›	Setting a fire in the wilderness, the raging flames will soon die out;
['ZH_T14_0514_001:0786a07_10']	æš´é¢¨ã€ç–¾é›¨ã€é›·é›»éœ¹é‚ï¼Œæ–¯è‡¾ä¹‹é–“éœç„¶ä¸è¦‹ï¼Œæ—¥æ¬²å‡ºæ™‚æ˜Ÿç„¡ç²¾å…‰ï¼Œæ—¥ä¹‹ç››æ˜ç…§æ–¼å¤©ä¸‹ä¸ä¹…å‰‡å†¥ï¼Œä¸–é–“ç„¡å¸¸äº¦å¾©å¦‚æ˜¯ã€‚	æš´é¢¨ã€ç–¾é›¨ã€é›·é›»éœ¹é‚ï¼Œæ–¯è‡¾ä¹‹é–“éœç„¶ä¸è¦‹ï¼Œæ—¥æ¬²å‡ºæ™‚æ˜Ÿç„¡ç²¾å…‰ï¼Œæ—¥ä¹‹ç››æ˜ç…§æ–¼å¤©ä¸‹ä¸ä¹…å‰‡å†¥ï¼Œä¸–é–“ç„¡å¸¸äº¦å¾©å¦‚æ˜¯ã€‚	Violent winds, heavy rain, thunder and lightning will suddenly disappear in an instant, and when the sun is about to rise, the stars lose their luster. The sun's abundant light illuminates the world, but it will soon be dark. The impermanence of the world is also like this.
['ZH_T14_0514_001:0786a09_12']	å–»å¦‚å››é¢æœ‰å¤§çŸ³å±±ï¼Œä¸Šä¸‹çš†æœ‰å…­å±±ä¿±åˆ°åŒæ™‚å…±åˆï¼Œå…¶ä¸­äººç‰©å«è¡€ä¹‹é¡ï¼Œç„¡æœ‰è±ªè³¤çš†ç•¶ç³œç¢ã€‚	å–»å¦‚å››é¢æœ‰å¤§çŸ³å±±ï¼Œä¸Šä¸‹çš†æœ‰å…­å±±ä¿±åˆ°åŒæ™‚å…±åˆï¼Œå…¶ä¸­äººç‰©å«è¡€ä¹‹é¡ï¼Œç„¡æœ‰è±ªè³¤çš†ç•¶ç³œç¢ã€‚	It is like a great rocky mountain on all four sides, with six mountains above and below, all coming together at the same time. The people and creatures within, regardless of rank, will all be crushed to pieces.
['ZH_T14_0514_001:0786a10_3']	ã€Œäººæœ‰å››äº‹ä¸å¯å¾—æ­¢ï¼š	ã€Œäººæœ‰å››äº‹ä¸å¯å¾—æ­¢ï¼š	There are four things that cannot be stopped by people:
['ZH_T14_0514_001:0786a13_5']	è€è‡³é«”æ¯ã€ç—…ä¾†å¿ƒæƒ±ã€èº«æ­»ç¥å»ã€æ‰€æœ‰çå¯¶çš†ç•¶æ£„æä¸å¯å¾—ä¿ï¼Œæ­¤å››ä¸€è‡³ä¸å¯å¾—é›¢ç„¡é¿é€ƒè™•ï¼Œéå£æ‰€èƒ½å®ˆè«‹é™³è¬ï¼Œä¸å¯è²¡è¨±æ±‚å“€å¾—è§£ã€‚	è€è‡³é«”æ¯ã€ç—…ä¾†å¿ƒæƒ±ã€èº«æ­»ç¥å»ã€æ‰€æœ‰çå¯¶çš†ç•¶æ£„æä¸å¯å¾—ä¿ï¼Œæ­¤å››ä¸€è‡³ä¸å¯å¾—é›¢ç„¡é¿é€ƒè™•ï¼Œéå£æ‰€èƒ½å®ˆè«‹é™³è¬ï¼Œä¸å¯è²¡è¨±æ±‚å“€å¾—è§£ã€‚	When old age arrives, the body withers; when illness comes, the mind is troubled; when the body dies, the spirit departs; all precious treasures must be abandoned and cannot be kept. When one of these four arrives, there is no escape or avoidance. It cannot be guarded by words or pleaded with to be excused. It cannot be obtained by offering wealth or begging for mercy.
['ZH_T14_0514_001:0786a14_18']	æ˜¯æ™‚ï¼Œæ‰€æœ‰åè±¡ã€è‰¯é¦¬ã€çå¯¶ã€å£¯å£«ã€ç¾¤è‡£ã€ç™¾å®˜è­·å°å‰å¾Œï¼Œå­°èƒ½ç‚ºç‹æ’å´ä¹‹è€…ï¼Ÿ	æ˜¯æ™‚ï¼Œæ‰€æœ‰åè±¡ã€è‰¯é¦¬ã€çå¯¶ã€å£¯å£«ã€ç¾¤è‡£ã€ç™¾å®˜è­·å°å‰å¾Œï¼Œå­°èƒ½ç‚ºç‹æ’å´ä¹‹è€…ï¼Ÿ	At that time, all the famous elephants, fine horses, precious treasures, strong men, ministers, and officials guarding and leading in front and back, who could push it away for the king?
['ZH_T14_0514_001:0786a16_16']	ç‹å¯§è¦‹å¸«å­ï¼Œç¸ä¸­æœ€çŒ›ï¼Œé™è¦‹ç¾¤é¹¿æ„æ¬²æ‰€å–ï¼Œä¾¿å‰ææ’®è£‚é£Ÿå…¶è‚‰ï¼Œå¦‚æ–¯ä¹‹ç—›å®‰å¯è¨€ä¹ï¼Ÿ	ç‹å¯§è¦‹å¸«å­ï¼Œç¸ä¸­æœ€çŒ›ï¼Œé™è¦‹ç¾¤é¹¿æ„æ¬²æ‰€å–ï¼Œä¾¿å‰ææ’®è£‚é£Ÿå…¶è‚‰ï¼Œå¦‚æ–¯ä¹‹ç—›å®‰å¯è¨€ä¹ï¼Ÿ	Has the king ever seen a lion, the most ferocious of beasts, who, seeing a herd of deer from afar, intends to take them, and then rushes forward to tear them apart and eat their flesh? How can such pain be spoken of?
['ZH_T14_0514_001:0786a19_14']	å‘½å¦‚å¸«å­å–ç¾¤é¹¿æ™‚ï¼Œäººå‘½æ¬²çµ‚èº«é«”ä¸å¯§ï¼Œè¡€è„ˆç‚ºæ¶ˆé¢è‰²ç‚ºè®Šï¼Œå‘½æ—¥æ¬²ä¿ƒï¼Œäº”è—ä¸æ²»ä¸æ€é£²é£Ÿï¼Œé›–æœ‰ç¥å‘ªã€è‰¯é†«ã€å–„è—¥ä¸èƒ½ä½¿æ„ˆã€‚	å‘½å¦‚å¸«å­å–ç¾¤é¹¿æ™‚ï¼Œäººå‘½æ¬²çµ‚èº«é«”ä¸å¯§ï¼Œè¡€è„ˆç‚ºæ¶ˆé¢è‰²ç‚ºè®Šï¼Œå‘½æ—¥æ¬²ä¿ƒï¼Œäº”è—ä¸æ²»ä¸æ€é£²é£Ÿï¼Œé›–æœ‰ç¥å‘ªã€è‰¯é†«ã€å–„è—¥ä¸èƒ½ä½¿æ„ˆã€‚	Life is like a lion taking a herd of deer. When a person's life is about to end, the body is not at ease, the blood vessels are drying up, the complexion changes, and life is about to be cut short. The five internal organs are not treated, and one does not think of food and drink. Even with powerful spells, good doctors, and fine medicine, one cannot be cured.
['ZH_T14_0514_001:0786a22_5']	å£ç‚ºå¦„èªï¼Œå…¶æ‰€ç´¢è€…å®¶å®¤æ£ä¹‹ï¼Œèº«é«”çš†ç—›å¦‚è¢«æ æ²»ï¼Œæ‰‹è¶³æŠ‚æ”˜éª¨ç¯€æ¬²è§£ï¼Œå£ä¹¾æ¯æ¥µç¾¸ç˜¦å›°åŠ£ï¼Œä¸èƒ½èµ·å±…åè‡¥é ˆäººï¼›	å£ç‚ºå¦„èªï¼Œå…¶æ‰€ç´¢è€…å®¶å®¤æ£ä¹‹ï¼Œèº«é«”çš†ç—›å¦‚è¢«æ æ²»ï¼Œæ‰‹è¶³æŠ‚æ”˜éª¨ç¯€æ¬²è§£ï¼Œå£ä¹¾æ¯æ¥µç¾¸ç˜¦å›°åŠ£ï¼Œä¸èƒ½èµ·å±…åè‡¥é ˆäººï¼›	The mouth speaks falsely, and the family indulges whatever it demands. The whole body is in pain, as if being whipped. The hands and feet struggle, and the joints are about to disintegrate. The mouth is dry, the breath is exhausted, and the body is emaciated and weak. One cannot sit or lie down without help.
['ZH_T14_0514_001:0786a24_13']	è‹¥å¾—è‰¯è—¥ç³œç²¥ç”˜é£Ÿäººç•¶å«ä¹‹ï¼Œå¿…å¾©è‹¦æ¥µç­‹è„ˆæ¬²çµ•ï¼Œä½†æœ‰å‡ºæ°£ç„¡å¾©å ±å…¥ï¼Œè„£ç‡¥ä¹¾ç„¦ï¼Œæ­£æ°£ç«­ç›¡é‚ªæ°£åœ¨è™•ï¼›	è‹¥å¾—è‰¯è—¥ç³œç²¥ç”˜é£Ÿäººç•¶å«ä¹‹ï¼Œå¿…å¾©è‹¦æ¥µç­‹è„ˆæ¬²çµ•ï¼Œä½†æœ‰å‡ºæ°£ç„¡å¾©å ±å…¥ï¼Œè„£ç‡¥ä¹¾ç„¦ï¼Œæ­£æ°£ç«­ç›¡é‚ªæ°£åœ¨è™•ï¼›	If one obtains good medicine, porridge, or sweet food, one should take it. One will certainly suffer greatly, with muscles and veins about to snap, only exhaling without inhaling again, lips parched and dry, true qi exhausted, and evil qi remaining everywhere;
['ZH_T14_0514_001:0786a28_10']	èˆŒç¨å´ç¸®é¢ç›®ç„¡è‰²ï¼Œè€³é¼»é–‰å¡ä¸èè²é¦™ï¼Œæ‰‹è¶³æ‹˜æ”£ç­‹æ€¥ï¼Œå£å™¤æ¬²è¨€ä¸èƒ½ï¼Œæ‰‹æˆ–æŠŠç©ºè«ç´¢é‚Šå‚ï¼Œç™½æ±—ç›®æ·šæµå‡ºç›¸çºŒï¼Œå¿ƒæ„è‘—ç—›è­˜è½‰æ¶ˆæ»…ç„¡æ‰€å¾©çŸ¥ï¼Œç†…å»èº«å†·é­‚ç¥å»çŸ£ã€‚	èˆŒç¨å´ç¸®é¢ç›®ç„¡è‰²ï¼Œè€³é¼»é–‰å¡ä¸èè²é¦™ï¼Œæ‰‹è¶³æ‹˜æ”£ç­‹æ€¥ï¼Œå£å™¤æ¬²è¨€ä¸èƒ½ï¼Œæ‰‹æˆ–æŠŠç©ºè«ç´¢é‚Šå‚ï¼Œç™½æ±—ç›®æ·šæµå‡ºç›¸çºŒï¼Œå¿ƒæ„è‘—ç—›è­˜è½‰æ¶ˆæ»…ç„¡æ‰€å¾©çŸ¥ï¼Œç†…å»èº«å†·é­‚ç¥å»çŸ£ã€‚	The tongue slightly retracts, the facial features are colorless, the ears and nose are blocked and do not hear sounds or smells, the hands and feet are cramped and the muscles are tight, the mouth is clenched and one cannot speak, the hands may grasp at empty space on the side, white sweat and tears flow out continuously, the mind and thoughts are in pain, consciousness gradually dissipates and disappears, and one no longer knows anything. The warmth leaves the body, it becomes cold, and the soul departs.
['ZH_T14_0514_001:0786b01_12']	æ‰€æœ‰çå¯¶ã€çˆ¶æ¯ã€å…„å¼Ÿã€å¦»å­ï¼Œå…§å¤–çŸ¥è­˜ã€å¥´å©¢çš†ç•¶æ£„æï¼Œéš¨è¡Œç¨å»ä¸çŸ¥æ‰€åˆ°ï¼Œä¸–é–“é›–æ¨‚ä¸å¾—ä¹…ç•™ã€‚	æ‰€æœ‰çå¯¶ã€çˆ¶æ¯ã€å…„å¼Ÿã€å¦»å­ï¼Œå…§å¤–çŸ¥è­˜ã€å¥´å©¢çš†ç•¶æ£„æï¼Œéš¨è¡Œç¨å»ä¸çŸ¥æ‰€åˆ°ï¼Œä¸–é–“é›–æ¨‚ä¸å¾—ä¹…ç•™ã€‚	All precious treasures, parents, brothers, wife and children, inner and outer acquaintances, and servants will all be abandoned, and one goes alone with one's actions, not knowing where one will end up. Although the world is pleasant, one cannot stay long.
['ZH_T14_0514_001:0786b02_2']	ã€Œç‹ç•¶æ˜¯æ™‚ç•¶ä½•æƒæ€™ï¼Ÿ	ã€Œç‹ç•¶æ˜¯æ™‚ç•¶ä½•æƒæ€™ï¼Ÿ	At that time, O King, on whom should one rely?
['ZH_T14_0514_001:0786b06_6']	å”¯æœ‰å­é †æ…ˆé¤ŠäºŒè¦ªï¼Œä¾›äº‹é«˜è¡Œæ¸…æ½”æ²™é–€ï¼Œè¦‹å‡¡è€äººç•¶å°Šæ•¬ä¹‹ï¼Œæ‰€æœ‰è²¡å¯¶èˆ‡æ°‘åŒæ­¡ï¼Œç•¶ä»¥æ…ˆå¿ƒæ–½æƒ æ–¼æ°‘ï¼Œç„¡ä»¥è®’è¨€æ®˜å®³æ°‘å‘½ï¼Œç‚ºç‹ä¹‹æ³•ç•¶å®£è–é“ï¼Œæ•™æ°‘ç‚ºå–„ï¼Œå”¯å®ˆä¸€å¿ƒï¼Œå¿ƒå­˜ä¸‰å°Šã€‚	å”¯æœ‰å­é †æ…ˆé¤ŠäºŒè¦ªï¼Œä¾›äº‹é«˜è¡Œæ¸…æ½”æ²™é–€ï¼Œè¦‹å‡¡è€äººç•¶å°Šæ•¬ä¹‹ï¼Œæ‰€æœ‰è²¡å¯¶èˆ‡æ°‘åŒæ­¡ï¼Œç•¶ä»¥æ…ˆå¿ƒæ–½æƒ æ–¼æ°‘ï¼Œç„¡ä»¥è®’è¨€æ®˜å®³æ°‘å‘½ï¼Œç‚ºç‹ä¹‹æ³•ç•¶å®£è–é“ï¼Œæ•™æ°‘ç‚ºå–„ï¼Œå”¯å®ˆä¸€å¿ƒï¼Œå¿ƒå­˜ä¸‰å°Šã€‚	There is only filial piety, kindness, and nurturing the two parents, serving the pure and virtuous renunciants, seeing ordinary elders and respecting them, sharing wealth and treasures with the people, being kind-hearted and bestowing kindness upon the people, not using slander to harm the lives of the people. The king's law should proclaim the sacred way, teaching the people to do good, only guarding the one mind, the mind dwelling on the Three Treasures.
['ZH_T14_0514_001:0786b07_13']	ç‹è€…å¦‚æ–¯ï¼Œè«¸è–è«®å—Ÿï¼Œå¤©ã€é¾ã€é¬¼ç¥æ“è­·å…¶åœ‹ï¼Œç”Ÿæœ‰æ¦®è­½æ­»å¾—ä¸Šå¤©ã€‚	ç‹è€…å¦‚æ–¯ï¼Œè«¸è–è«®å—Ÿï¼Œå¤©ã€é¾ã€é¬¼ç¥æ“è­·å…¶åœ‹ï¼Œç”Ÿæœ‰æ¦®è­½æ­»å¾—ä¸Šå¤©ã€‚	If the king is like this, the sages praise him, and the devas, nÄgas, and spirits protect his country. In life he has glory and honor, and in death he ascends to the heavens.
['ZH_T14_0514_001:0786b08_3']	ã€Œèº«æ­»ç¥å»ï¼Œç•¶ä½•æ‰€æƒï¼Ÿ	ã€Œèº«æ­»ç¥å»ï¼Œç•¶ä½•æ‰€æƒï¼Ÿ	When the body dies and the spirit departs, what can one rely on?
['ZH_T14_0514_001:0786b08_8']	æƒŸæƒå–„è€³ã€‚	æƒŸæƒå–„è€³ã€‚	Only rely on goodness.
['ZH_T14_0514_001:0786b11_15']	ç«ç››ç…’ç…’æƒæ°´æ»…ä¹‹ï¼Œé£¢æ¸´ä¹‹äººæƒŸæƒæ°´ç©€ï¼Œè€æƒæœºæ–ï¼Œç›²æƒæœ‰ç›®ï¼Œå†¥æƒç‡ˆç«ï¼Œç–¾ç—…å›°ç¯¤æƒè‰¯é†«è—¥ï¼Œèˆ¹è¡Œå·¨æµ·é¢¨æµªç››çŒ›æƒå½¼æ¦œæ«“ï¼Œé“æœ‰ç›œè³Šæƒè—åŒ¿è™•ã€‚	ç«ç››ç…’ç…’æƒæ°´æ»…ä¹‹ï¼Œé£¢æ¸´ä¹‹äººæƒŸæƒæ°´ç©€ï¼Œè€æƒæœºæ–ï¼Œç›²æƒæœ‰ç›®ï¼Œå†¥æƒç‡ˆç«ï¼Œç–¾ç—…å›°ç¯¤æƒè‰¯é†«è—¥ï¼Œèˆ¹è¡Œå·¨æµ·é¢¨æµªç››çŒ›æƒå½¼æ¦œæ«“ï¼Œé“æœ‰ç›œè³Šæƒè—åŒ¿è™•ã€‚	When the fire is blazing, rely on water to extinguish it. When a person is hungry and thirsty, rely on water and grains. When old, rely on a cane. When blind, rely on those with eyes. When in darkness, rely on lamplight. When sick and gravely ill, rely on good doctors and medicine. When a ship travels on the great ocean with strong winds and waves, rely on the rudder and oars. When there are robbers on the road, rely on a place to hide.ğŸ”½Here is the corrected and aligned text:
['ZH_T14_0514_001:0786b13_7']	èº«æ­»ç¥å»æƒŸæƒä¿®å–„ï¼ŒçŒ¶é€¢å½¼é›£å„æƒå…¶äº‹ï¼Œä»¥è‡ªæ‹”æ¿Ÿå®—å®¤ç²å®‰ã€‚	èº«æ­»ç¥å»æƒŸæƒä¿®å–„ï¼ŒçŒ¶é€¢å½¼é›£å„æƒå…¶äº‹ï¼Œä»¥è‡ªæ‹”æ¿Ÿå®—å®¤ç²å®‰ã€‚	When the body dies and the spirit departs, one can only rely on cultivating goodness. Even if one encounters difficulties, one can rely on one's own affairs to save oneself and bring peace to the clan.
['ZH_T14_0514_001:0786b17_1']	ç‹ç„¡ä»¥ç‚ºæ¨‚é£²é£Ÿæ¥µå‘³ï¼ŒéŠå±…è‡ªåœ¨ä¸å¯å¸¸å¾—ï¼Œé£½æ»¿çš†ç•¶æ¶ˆæ•£ä¸å¯å¸¸å¾—ï¼Œå¥½é¦™å¡—èº«è‹¾èŠ¬æ‹¬é¼»ï¼Œç ç’£ç“”çå¥•å¥•æ›œç›®ï¼Œæ°´é™¸å¥½è¯ä»¥ç‚ºæ ¡é£¾ï¼Œé‡‘ç¸·ç¹”æˆä»¥ç‚ºåæœï¼š	ç‹ç„¡ä»¥ç‚ºæ¨‚é£²é£Ÿæ¥µå‘³ï¼ŒéŠå±…è‡ªåœ¨ä¸å¯å¸¸å¾—ï¼Œé£½æ»¿çš†ç•¶æ¶ˆæ•£ä¸å¯å¸¸å¾—ï¼Œå¥½é¦™å¡—èº«è‹¾èŠ¬æ‹¬é¼»ï¼Œç ç’£ç“”çå¥•å¥•æ›œç›®ï¼Œæ°´é™¸å¥½è¯ä»¥ç‚ºæ ¡é£¾ï¼Œé‡‘ç¸·ç¹”æˆä»¥ç‚ºåæœï¼š	The king cannot be happy. The most delicious food and drink, leisurely living, and freedom cannot be obtained forever. When one is full, it will all be digested and scattered, and one cannot obtain it forever. Smelling good incense on the body, the fragrant breeze blowing in the nose, pearl necklaces shining in the eyes, beautiful flowers from water and land used as decorations, golden brocade woven into famous clothes:
['ZH_T14_0514_001:0786b18_16']	ç™½æ¯³è¡£ã€æ–‡ç¹¡è¡£ã€é›œç¶µè¡£ã€ç„¡æ¥µè¡£ã€ç´°ç–Šè¡£ã€ç´°ç·»è¡£ã€éŒ¦ç¶¾è¡£ï¼Œæ­¤çš†ç„¡å¸¸ä¸å¯ä¹…ä¿ã€‚	ç™½æ¯³è¡£ã€æ–‡ç¹¡è¡£ã€é›œç¶µè¡£ã€ç„¡æ¥µè¡£ã€ç´°ç–Šè¡£ã€ç´°ç·»è¡£ã€éŒ¦ç¶¾è¡£ï¼Œæ­¤çš†ç„¡å¸¸ä¸å¯ä¹…ä¿ã€‚	white felt clothes, embroidered clothes, colorful clothes, boundless clothes, fine cotton clothes, fine clothes, brocade and silk clothes, all of these are impermanent and cannot last forever.
['ZH_T14_0514_001:0786b22_12']	ã€Œå®®è§€é«˜è‡ºè¯é—•æ®¿èˆï¼Œé»ƒé‡‘ã€ç™½éŠ€ã€ä¸ƒå¯¶åºŠã¯“ï¼Œæ°æ¯¹ğ£°…ã²ªç¶©ç¶–ç´°è»Ÿä»¥è—‰èº«é«”ï¼Œä¸ƒå¯¶ç¹”æˆæ–‡ç¹¡ç¶¾ç¶ºä»¥ç‚ºå¹ƒå¸³ï¼ŒæŸ±æ¢æ®¿æˆ¶å½«æ–‡åˆ»é¤ï¼Œç‡’çœ¾é›œé¦™éŠæˆ²å…¶ä¸­ï¼Œæ–¯çš†ç„¡å¸¸ä¸å¯ä¹…ä¿ã€‚	ã€Œå®®è§€é«˜è‡ºè¯é—•æ®¿èˆï¼Œé»ƒé‡‘ã€ç™½éŠ€ã€ä¸ƒå¯¶åºŠã¯“ï¼Œæ°æ¯¹ğ£°…ã²ªç¶©ç¶–ç´°è»Ÿä»¥è—‰èº«é«”ï¼Œä¸ƒå¯¶ç¹”æˆæ–‡ç¹¡ç¶¾ç¶ºä»¥ç‚ºå¹ƒå¸³ï¼ŒæŸ±æ¢æ®¿æˆ¶å½«æ–‡åˆ»é¤ï¼Œç‡’çœ¾é›œé¦™éŠæˆ²å…¶ä¸­ï¼Œæ–¯çš†ç„¡å¸¸ä¸å¯ä¹…ä¿ã€‚	Palaces, high terraces, magnificent halls and residences, golden, silver, and seven-jeweled beds, woolen and cotton blankets and cushions, soft and fine to touch for the body, made of woven seven treasures with embroidered brocade curtains, pillars, beams, hall doors carved and engraved, burning various incense powders to play and enjoy within, all of this is impermanent and cannot last.
['ZH_T14_0514_001:0786b24_10']	ã€Œç´ç‘Ÿã€ç®ç¬›çœ¾éŸ³é›†èšï¼Œæ­Œèˆå€¡ä¼çœ¾éŸ³ç›ˆè€³å¿«æ¨‚å¯è¨€ï¼Œæ–¯äº¦ç„¡å¸¸ï¼Œå¦‚å¹»å¦‚å¤¢ä¸å¾—ä¹…ä¿ã€‚	ã€Œç´ç‘Ÿã€ç®ç¬›çœ¾éŸ³é›†èšï¼Œæ­Œèˆå€¡ä¼çœ¾éŸ³ç›ˆè€³å¿«æ¨‚å¯è¨€ï¼Œæ–¯äº¦ç„¡å¸¸ï¼Œå¦‚å¹»å¦‚å¤¢ä¸å¾—ä¹…ä¿ã€‚	 Lutes, zithers, flutes and pipes, a collection of various sounds, singing and dancing, performances and entertainment, the multitude of sounds filling the ears with joy, this too is impermanent, like an illusion, like a dream, and cannot last.
['ZH_T14_0514_001:0786b28_19']	è±¡é¦¬å¯¶è»Šå…‰ç›®ä¹‹è§€ï¼Œç‹ä¸€å‡ºæ™‚æ¤é˜é³´é¼“é©›å°å‰å¾Œï¼Œç‹ä¹˜ç¾½è“‹ä¹‹è»Šä¾è€…æŒå¹¢ï¼Œç¿ æ¯›ä³°ç¾½å½«æ–‡å…¶æŸ„ä»¥æ‹‚å¡µåœŸï¼Œæ²»å¡«é“è·¯ä¸¹ç•«æ¬„æ¥¯ï¼Œçœ¾æ°‘æ‰€è§€ç„¡ä¸æ•¬ç•ï¼Œå¥½è¯åé¦™çš†ä»¥è¿ç‹ï¼Œç¨±å£½è¬æ­²æ–¯äº¦é›£ä¿ã€‚	è±¡é¦¬å¯¶è»Šå…‰ç›®ä¹‹è§€ï¼Œç‹ä¸€å‡ºæ™‚æ¤é˜é³´é¼“é©›å°å‰å¾Œï¼Œç‹ä¹˜ç¾½è“‹ä¹‹è»Šä¾è€…æŒå¹¢ï¼Œç¿ æ¯›ä³°ç¾½å½«æ–‡å…¶æŸ„ä»¥æ‹‚å¡µåœŸï¼Œæ²»å¡«é“è·¯ä¸¹ç•«æ¬„æ¥¯ï¼Œçœ¾æ°‘æ‰€è§€ç„¡ä¸æ•¬ç•ï¼Œå¥½è¯åé¦™çš†ä»¥è¿ç‹ï¼Œç¨±å£½è¬æ­²æ–¯äº¦é›£ä¿ã€‚	 Elephant, horse, jeweled carriages, the sight of which is captivating, when the king goes out once, he beats the bell and sounds the drum, with messengers leading the way in front and behind. The king rides in a carriage with feathered canopy, and attendants hold banners, with peacock feathers and variegated plumage carved on the handles to brush off dust and dirt. The roads are repaired and filled, with vermilion-painted railings. The multitude who see it all respect and fear it. Fine flowers and famous incense are all used to welcome the king, proclaiming 'May the king live ten thousand years,' but this too is difficult to ensure.
['ZH_T14_0514_001:0786b29_9']	ã€Œç‹å¯§è¦‹äººæ¬²æ­»æ™‚ä¸ï¼Ÿ	ã€Œç‹å¯§è¦‹äººæ¬²æ­»æ™‚ä¸ï¼Ÿ	Have you ever seen a person about to die, Your Majesty?
['ZH_T14_0514_001:0786c02_10']	è«¸å®¶å…§å¤–èšæœƒå…¶é‚Šï¼Œæ¤èƒ¸å‘¼å¤©çš†äº‘å¥ˆä½•ï¼Œå–åšå“½å’½æ·šä¸‹äº¤æµï¼Œå—šå‘¼ç—›å“‰ç¥éˆç¨é€ï¼š	è«¸å®¶å…§å¤–èšæœƒå…¶é‚Šï¼Œæ¤èƒ¸å‘¼å¤©çš†äº‘å¥ˆä½•ï¼Œå–åšå“½å’½æ·šä¸‹äº¤æµï¼Œå—šå‘¼ç—›å“‰ç¥éˆç¨é€ï¼š	All the people inside and outside the house gather around them, beating their chests and crying out in distress, sobbing and choking with tears streaming down, lamenting, 'Alas, the spirit alone departs:
['ZH_T14_0514_001:0786c02_17']	ã€æ¨å¾å¦‚ä¹‹ä¹ï¼	ã€æ¨å¾å¦‚ä¹‹ä¹ï¼	'Why do you abandon us like this?'
['ZH_T14_0514_001:0786c03_14']	ã€èä¹‹è€…è«ä¸å‚·å¿ƒï¼Œè¦©ä¹‹è€…è«ä¸åŠ©å“€ã€‚	ã€èä¹‹è€…è«ä¸å‚·å¿ƒï¼Œè¦©ä¹‹è€…è«ä¸åŠ©å“€ã€‚	Those who hear it are heartbroken, and those who see it cannot help but grieve.
['ZH_T14_0514_001:0786c07_2']	è¼‰ä¹‹å‡ºåŸææ–¼æ› é‡ï¼Œé£›é³¥èµ°ç¸æ‘‘ğ­ §é£Ÿä¹‹ï¼Œèº«ä¸­æœ‰èŸ²é‚„é£Ÿå…¶è‚‰ï¼Œæ—¥ç‚™é¢¨é£„éª¨çš†ç‚ºä¹¾ï¼Œå¾€æ˜”è«¸ç‹å°Šæ¦®è±ªè²´ï¼Œéš±éš±é—é—äº¦å¦‚å¤§ç‹ï¼Œä»Šæ—¥éœç„¶ä¸å¾©è¦‹ä¹‹ã€‚	è¼‰ä¹‹å‡ºåŸææ–¼æ› é‡ï¼Œé£›é³¥èµ°ç¸æ‘‘ğ­ §é£Ÿä¹‹ï¼Œèº«ä¸­æœ‰èŸ²é‚„é£Ÿå…¶è‚‰ï¼Œæ—¥ç‚™é¢¨é£„éª¨çš†ç‚ºä¹¾ï¼Œå¾€æ˜”è«¸ç‹å°Šæ¦®è±ªè²´ï¼Œéš±éš±é—é—äº¦å¦‚å¤§ç‹ï¼Œä»Šæ—¥éœç„¶ä¸å¾©è¦‹ä¹‹ã€‚	Carrying them out of the city and abandoning them in the wilderness, flying birds and running beasts peck and gnaw at them. Worms in the body eat the flesh. Sun-scorched and wind-blown, the bones become dry. The former kings, honored and wealthy, were also like this, Your Majesty. Today, they suddenly disappear and are never seen again.
['ZH_T14_0514_001:0786c07_11']	æ­¤çš†ç„¡å¸¸ä¹‹æ˜é©—ä¹Ÿã€‚	æ­¤çš†ç„¡å¸¸ä¹‹æ˜é©—ä¹Ÿã€‚	This is a clear proof of impermanence.
['ZH_T14_0514_001:0786c10_15']	å¤å¸¸å¦‚æ­¤æ³æ–¼ä»Šæ—¥ï¼Œç‹ç†Ÿæ€ä¹‹ç„¡å¿µå©¬å¦·ï¼Œç„¡å—ä¾«è¨€è­‰äººå…¥ç½ªï¼Œç•¶å—å¿ è««æ²»ä»¥ç¯€åº¦ï¼Œç•¶ç•åœ°ç„é…·æ²»ä¹‹ç—›ï¼Œè«¸å«è¡€ä¹‹èŸ²çš†è²ªç”Ÿæ´»ä¸ç•¶æ®ºä¹‹ã€‚	å¤å¸¸å¦‚æ­¤æ³æ–¼ä»Šæ—¥ï¼Œç‹ç†Ÿæ€ä¹‹ç„¡å¿µå©¬å¦·ï¼Œç„¡å—ä¾«è¨€è­‰äººå…¥ç½ªï¼Œç•¶å—å¿ è««æ²»ä»¥ç¯€åº¦ï¼Œç•¶ç•åœ°ç„é…·æ²»ä¹‹ç—›ï¼Œè«¸å«è¡€ä¹‹èŸ²çš†è²ªç”Ÿæ´»ä¸ç•¶æ®ºä¹‹ã€‚	How much more so for today? King, contemplate this well, do not think of lust, do not listen to flattery, testify to people entering into crimes, should accept loyal admonitions and govern with moderation, should fear the severe punishments of hell, all blood-sucking insects are greedy for life and should not kill them.
['ZH_T14_0514_001:0786c11_11']	ã€ä½›èªªç¶“ç«Ÿï¼Œç‹æ„å³è§£ï¼Œé¡˜ç‚ºå¼Ÿå­ã€‚	ã€ä½›èªªç¶“ç«Ÿï¼Œç‹æ„å³è§£ï¼Œé¡˜ç‚ºå¼Ÿå­ã€‚	When the Buddha finished speaking the sÅ«tra, the king's mind was immediately enlightened and he vowed to become a disciple.
['ZH_T14_0514_001:0786c12_4']	å³å—äº”æˆ’ï¼Œé ­é¢è‘—åœ°ï¼Œç‚ºä½›ä½œç¦®ã€‚	å³å—äº”æˆ’ï¼Œé ­é¢è‘—åœ°ï¼Œç‚ºä½›ä½œç¦®ã€‚	He immediately accepted the five precepts, bowed his head to the ground, and made obeisance to the Buddha.
['ZH_T14_0514_001:0786c13_100']	ä½›èªªè««ç‹ç¶“	ä½›èªªè««ç‹ç¶“	The Buddha Speaks the SÅ«tra on Admonishing the King
