segmentnr	original	analyzed	folio	translated
['ZH_T47_1998A_011:0856a22_0']	å¤§æ…§æ™®è¦ºç¦ªå¸«åˆé Œå·ç¬¬åä¸€	å¤§æ…§æ™®è¦ºç¦ªå¸«åˆé Œå·ç¬¬åä¸€	011	The Verses and GÄthÄs of Chan Master Dahui Pujue, Volume 11
['ZH_T47_1998A_011:0856a24_0']	å¾‘å±±èƒ½ä»ç¦ªé™¢ä½æŒå—£æ³•	å¾‘å±±èƒ½ä»ç¦ªé™¢ä½æŒå—£æ³•	011	Abbot of Jingshan Nengren Chan Monastery, Dharma Successor
['ZH_T47_1998A_011:0856a25_0']	æ…§æ—¥ç¦ªå¸«è‡£è˜Šèã€€ä¸Šé€²	æ…§æ—¥ç¦ªå¸«è‡£è˜Šèã€€ä¸Šé€²	011	Chan Master Huiri, Subject Yunwen, Respectfully Presented
['ZH_T47_1998A_011:0856a27_5']	çš‡å¸åœ¨å»ºé‚¸è«‹é™å ‚åˆçš‡å¸åœ¨å»ºé‚¸è«‹é™å ‚åˆè±é–‹é ‚é–€çœ¼ã€‚	çš‡å¸åœ¨å»ºé‚¸è«‹é™å ‚åˆçš‡å¸åœ¨å»ºé‚¸è«‹é™å ‚åˆè±é–‹é ‚é–€çœ¼ã€‚	011	GÄthÄ for Ascending the Hall at the Emperor's Residence: Open the eye on the crown of the head,
['ZH_T47_1998A_011:0856a27_13']	ã€€ã€€ç…§å¾¹å¤§åƒç•Œã€‚	ã€€ã€€ç…§å¾¹å¤§åƒç•Œã€‚	011	Illuminating the great trichiliocosm.
['ZH_T47_1998A_011:0856a27_21']	ã€€ã€€æ—¢ä½œæ³•ä¸­ç‹ã€‚	ã€€ã€€æ—¢ä½œæ³•ä¸­ç‹ã€‚	011	Having become the king of the Dharma,
['ZH_T47_1998A_011:0856a28_3']	ã€€ã€€æ–¼æ³•å¾—è‡ªåœ¨ã€‚	ã€€ã€€æ–¼æ³•å¾—è‡ªåœ¨ã€‚	011	One attains mastery over the Dharma.
['ZH_T47_1998A_011:0856a29_3']	åˆä½œåˆã€‚	åˆä½œåˆã€‚	011	He also composed a verse:
['ZH_T47_1998A_011:0856b01_7']	å¤§æ ¹å¤§å™¨å¤§åŠ›é‡ã€‚	å¤§æ ¹å¤§å™¨å¤§åŠ›é‡ã€‚	011	Great faculties, great capacity, great strength,
['ZH_T47_1998A_011:0856b01_17']	ã€€ã€€è·æ“”å¤§äº‹ä¸å°‹å¸¸ã€‚	ã€€ã€€è·æ“”å¤§äº‹ä¸å°‹å¸¸ã€‚	011	Bearing great matters, not ordinary.
['ZH_T47_1998A_011:0856b02_4']	ã€€ã€€ä¸€æ¯›é ­ä¸Šé€šæ¶ˆæ¯ã€‚	ã€€ã€€ä¸€æ¯›é ­ä¸Šé€šæ¶ˆæ¯ã€‚	011	Communicating the news on the tip of a single hair,
['ZH_T47_1998A_011:0856b02_12']	éç•Œæ˜æ˜ä¸è¦†è—ã€‚	éç•Œæ˜æ˜ä¸è¦†è—ã€‚	011	Everywhere it is clear, not concealed.
['ZH_T47_1998A_011:0856b03_9']	å¾¡è³œçœŸè®šå¸«æ¼”æˆå››åˆã€‚	å¾¡è³œçœŸè®šå¸«æ¼”æˆå››åˆã€‚	011	The emperor's true praises, the master expounded into four verses:
['ZH_T47_1998A_011:0856b04_4']	ç”Ÿæ»…ä¸æ»…ã€‚	ç”Ÿæ»…ä¸æ»…ã€‚	011	Not extinguishing the extinguished,
['ZH_T47_1998A_011:0856b04_11']	ã€€ã€€å¦‚æ°´ä¸­æœˆã€‚	ã€€ã€€å¦‚æ°´ä¸­æœˆã€‚	011	Like the moon in water,
['ZH_T47_1998A_011:0856b04_18']	ã€€ã€€ä¸å¯æ”¬è§¸ã€‚	ã€€ã€€ä¸å¯æ”¬è§¸ã€‚	011	Unobtainable and intangible,
['ZH_T47_1998A_011:0856b04_25']	ã€€ã€€å¦™åœ¨ç”„åˆ¥ã€‚	ã€€ã€€å¦™åœ¨ç”„åˆ¥ã€‚	011	The marvelous lies in discernment.
['ZH_T47_1998A_011:0856b05_4']	å¸¸ä½ä¸ä½ã€‚	å¸¸ä½ä¸ä½ã€‚	011	Abiding without abiding,
['ZH_T47_1998A_011:0856b05_11']	ã€€ã€€æ˜¯çœŸå¯¦ç¾©ã€‚	ã€€ã€€æ˜¯çœŸå¯¦ç¾©ã€‚	011	This is the true meaning.
['ZH_T47_1998A_011:0856b05_18']	ã€€ã€€ä¸€å¹…ä¸¹é’ã€‚	ã€€ã€€ä¸€å¹…ä¸¹é’ã€‚	011	A scroll of ink and color,
['ZH_T47_1998A_011:0856b05_25']	ã€€ã€€è¼å¤©é‘‘åœ°ã€‚	ã€€ã€€è¼å¤©é‘‘åœ°ã€‚	011	Illuminating heaven and earth.
['ZH_T47_1998A_011:0856b06_4']	åœ“è¦ºç©ºæ˜ã€‚	åœ“è¦ºç©ºæ˜ã€‚	011	The emptiness and clarity of perfect enlightenment,
['ZH_T47_1998A_011:0856b06_11']	ã€€ã€€èƒ¡ä¾†æ¼¢ç¾ã€‚	ã€€ã€€èƒ¡ä¾†æ¼¢ç¾ã€‚	011	The Chinese appear when the barbarians come.
['ZH_T47_1998A_011:0856b06_18']	ã€€ã€€ä¸€é»éˆå…‰ã€‚	ã€€ã€€ä¸€é»éˆå…‰ã€‚	011	A single point of spiritual light.
['ZH_T47_1998A_011:0856b06_25']	ã€€ã€€è¬åŒ–åƒè®Šã€‚	ã€€ã€€è¬åŒ–åƒè®Šã€‚	011	Myriad transformations, a thousand changes.
['ZH_T47_1998A_011:0856b07_4']	éš¨ç‰©ç¾è™•ã€‚	éš¨ç‰©ç¾è™•ã€‚	011	Following the manifestation of things,
['ZH_T47_1998A_011:0856b07_11']	ã€€ã€€å»“æ¸…å¯°å®‡ã€‚	ã€€ã€€å»“æ¸…å¯°å®‡ã€‚	011	Clearing the universe.
['ZH_T47_1998A_011:0856b07_18']	ã€€ã€€ä¸å‹•ç¥æƒ…ã€‚	ã€€ã€€ä¸å‹•ç¥æƒ…ã€‚	011	Without moving the spirit,
['ZH_T47_1998A_011:0856b07_25']	ã€€ã€€æ°£åé …ç¾½ã€‚	ã€€ã€€æ°£åé …ç¾½ã€‚	011	Swallowing Xiang Yu.
['ZH_T47_1998A_011:0856b09_7']	æ³‰å·æƒ å®‰ç¸£è¿è—ç¶“è«‹å°åƒåˆæ³‰å·æƒ å®‰ç¸£è¿è—ç¶“è«‹å°åƒåˆç¨½é¦–ååŠ›å¤§å°å¸«ã€‚	æ³‰å·æƒ å®‰ç¸£è¿è—ç¶“è«‹å°åƒåˆæ³‰å·æƒ å®‰ç¸£è¿è—ç¶“è«‹å°åƒåˆç¨½é¦–ååŠ›å¤§å°å¸«ã€‚	011	Verses for the Request for Small-Scale Questioning of the Assembly for Welcoming the Scriptures in Hui'an County, Quanzhou Verses for the Request for Small-Scale Questioning of the Assembly for Welcoming the Scriptures in Hui'an County, Quanzhou I bow my head to the great guide with the ten powers.
['ZH_T47_1998A_011:0856b09_17']	ã€€ã€€ä¸‰ç•Œç¨å°Šç„¡æ¯”æ³ã€‚	ã€€ã€€ä¸‰ç•Œç¨å°Šç„¡æ¯”æ³ã€‚	011	The one who is unsurpassed in the three realms,
['ZH_T47_1998A_011:0856b10_4']	ã€€ã€€ç¤ºç¾æˆä½›è½‰æ³•è¼ªã€‚	ã€€ã€€ç¤ºç¾æˆä½›è½‰æ³•è¼ªã€‚	011	Manifesting to become a buddha and turning the wheel of the Dharma,
['ZH_T47_1998A_011:0856b10_12']	å»£æ¼”ç„¡é‚Šå¥‘ç¶“æµ·ã€‚	å»£æ¼”ç„¡é‚Šå¥‘ç¶“æµ·ã€‚	011	Extensively expounding the boundless ocean of sutras.
['ZH_T47_1998A_011:0856b11_1']	ã€€ã€€çœ¾ç”Ÿå¿ƒæƒ³å¿µå¿µæ®Šã€‚	ã€€ã€€çœ¾ç”Ÿå¿ƒæƒ³å¿µå¿µæ®Šã€‚	011	The thoughts in sentient beings' minds are different moment by moment,
['ZH_T47_1998A_011:0856b11_9']	æ‰€è½‰æ³•è¼ªäº¦å·®åˆ¥ã€‚	æ‰€è½‰æ³•è¼ªäº¦å·®åˆ¥ã€‚	011	The wheel of the Dharma that is turned is also differentiated.
['ZH_T47_1998A_011:0856b11_19']	ã€€ã€€æ³•è¼ªåŠŸå¾·ä¸å¯é‡ã€‚	ã€€ã€€æ³•è¼ªåŠŸå¾·ä¸å¯é‡ã€‚	011	The merits and virtues of the wheel of the Dharma are immeasurable,
['ZH_T47_1998A_011:0856b12_5']	ã€€ã€€ç›¡æ€ç«­åŠ›ç„¡èƒ½æ¸¬ã€‚	ã€€ã€€ç›¡æ€ç«­åŠ›ç„¡èƒ½æ¸¬ã€‚	011	Exhausting thought and effort, one is unable to fathom it.
['ZH_T47_1998A_011:0856b12_13']	æœ‰å¤§ç¶“å·åœ¨ä¸€å¡µã€‚	æœ‰å¤§ç¶“å·åœ¨ä¸€å¡µã€‚	011	There is a great sutra scroll in a single dust mote,
['ZH_T47_1998A_011:0856b13_2']	ã€€ã€€é‡ç­‰ä¸‰åƒå¤§åƒç•Œã€‚	ã€€ã€€é‡ç­‰ä¸‰åƒå¤§åƒç•Œã€‚	011	Its size equal to the trichiliocosm.
['ZH_T47_1998A_011:0856b13_10']	ä¸–æœ‰è°æ…§æ˜é”äººã€‚	ä¸–æœ‰è°æ…§æ˜é”äººã€‚	011	In the world, there are wise, intelligent, and insightful people,
['ZH_T47_1998A_011:0856b13_20']	ã€€ã€€å…·è¶³å¤©çœ¼æ‚‰çŸ¥è¦‹ã€‚	ã€€ã€€å…·è¶³å¤©çœ¼æ‚‰çŸ¥è¦‹ã€‚	011	Fully endowed with the heavenly eye, they know and see everything.
['ZH_T47_1998A_011:0856b14_6']	ã€€ã€€ç ´å¡µå‡ºç¶“ä½œä½›äº‹ã€‚	ã€€ã€€ç ´å¡µå‡ºç¶“ä½œä½›äº‹ã€‚	011	Destroying the dust mote and bringing out the sutra to perform buddha-works,
['ZH_T47_1998A_011:0856b14_14']	ä¸ä½œå¯¦èˆ‡éå¯¦æƒ³ã€‚	ä¸ä½œå¯¦èˆ‡éå¯¦æƒ³ã€‚	011	They do not give rise to thoughts of reality or unreality.
['ZH_T47_1998A_011:0856b15_3']	ã€€ã€€åˆä»¥ç„¡é‚Šæ³•ç•Œç©ºã€‚	ã€€ã€€åˆä»¥ç„¡é‚Šæ³•ç•Œç©ºã€‚	011	Moreover, with the empty Dharma realm that is boundless,
['ZH_T47_1998A_011:0856b15_11']	ç´åœ¨ä½›èº«ä¸€æ¯›å­”ã€‚	ç´åœ¨ä½›èº«ä¸€æ¯›å­”ã€‚	011	They are all contained within a single pore of the Buddha's body.
['ZH_T47_1998A_011:0856b15_21']	ã€€ã€€é ˆå½ŒéµåœåŠå¤§æµ·ã€‚	ã€€ã€€é ˆå½ŒéµåœåŠå¤§æµ·ã€‚	011	Mount Sumeru, the Iron Encircling Mountains, and the great ocean,
['ZH_T47_1998A_011:0856b16_7']	ä¸€ä¸€åŒ…å®¹ç„¡è¿«éš˜ã€‚	ä¸€ä¸€åŒ…å®¹ç„¡è¿«éš˜ã€‚	011	Each is contained without any crowding.
['ZH_T47_1998A_011:0856b16_17']	ã€€ã€€ä¸€æ¯›æ—¢çˆ¾é¤˜æ‚‰ç„¶ã€‚	ã€€ã€€ä¸€æ¯›æ—¢çˆ¾é¤˜æ‚‰ç„¶ã€‚	011	Just as with a single hair, so it is with all of them.
['ZH_T47_1998A_011:0856b17_4']	ã€€ã€€å°å¸«æ–¹ä¾¿äº¦å¦‚æ˜¯ã€‚	ã€€ã€€å°å¸«æ–¹ä¾¿äº¦å¦‚æ˜¯ã€‚	011	The skillful means of the guide are also like this.
['ZH_T47_1998A_011:0856b17_12']	å¿µå¿µæ™®éè«¸æ¯›å­”ã€‚	å¿µå¿µæ™®éè«¸æ¯›å­”ã€‚	011	Moment after moment, they pervade all the pores.
['ZH_T47_1998A_011:0856b18_1', 'ZH_T47_1998A_011:0856b18_9']	ã€€ã€€å¿µå¿µå…‹è­‰é‡‘å‰›æ…§ã€‚ğŸ”½å¿µå¿µæˆå°±ä½›è©æã€‚	ã€€ã€€å¿µå¿µå…‹è­‰é‡‘å‰›æ…§ã€‚ å¿µå¿µæˆå°±ä½›è©æã€‚	011	Moment after moment, they attain the vajra wisdom.ğŸ”½Moment after moment, they accomplish the Buddha's enlightenment.
['ZH_T47_1998A_011:0856b18_19']	ã€€ã€€å¿µå¿µæ»¿è¶³æ™®è³¢é¡˜ã€‚	ã€€ã€€å¿µå¿µæ»¿è¶³æ™®è³¢é¡˜ã€‚	011	Moment after moment, they fulfill Samantabhadra's vows.
['ZH_T47_1998A_011:0856b19_5']	ã€€ã€€è€Œä¸ç”Ÿæ–¼æˆ²è«–å¿ƒã€‚	ã€€ã€€è€Œä¸ç”Ÿæ–¼æˆ²è«–å¿ƒã€‚	011	Yet they do not give rise to a mind of frivolous speculation.
['ZH_T47_1998A_011:0856b19_13']	äº¦ä¸ä½æ–¼æ·±å¢ƒç•Œã€‚	äº¦ä¸ä½æ–¼æ·±å¢ƒç•Œã€‚	011	They also do not dwell in the profound realm.
['ZH_T47_1998A_011:0856b20_2']	ã€€ã€€å¦‚å¤¢å¦‚å¹»å¦‚æ°´æœˆã€‚	ã€€ã€€å¦‚å¤¢å¦‚å¹»å¦‚æ°´æœˆã€‚	011	Like a dream, an illusion, the moon in the water,
['ZH_T47_1998A_011:0856b20_10']	å¦‚å„ªæ›‡è¯å‡ºä¸–é–“ã€‚	å¦‚å„ªæ›‡è¯å‡ºä¸–é–“ã€‚	011	Like the udumbara flower appearing in the world.
['ZH_T47_1998A_011:0856b20_20']	ã€€ã€€å¦‚æ˜¯å¸¸è½‰å¤§ç¶“å·ã€‚	ã€€ã€€å¦‚æ˜¯å¸¸è½‰å¤§ç¶“å·ã€‚	011	Thus they always turn the great sutra scroll.
['ZH_T47_1998A_011:0856b21_6']	ã€€ã€€äº†ç„¡èƒ½è½‰æ‰€è½‰è€…ã€‚	ã€€ã€€äº†ç„¡èƒ½è½‰æ‰€è½‰è€…ã€‚	011	There is truly no one who turns it or is turned by it.
['ZH_T47_1998A_011:0856b21_14']	ä¸‰ä¸–è«¸ä½›è«¸è©è–©ã€‚	ä¸‰ä¸–è«¸ä½›è«¸è©è–©ã€‚	011	The buddhas, bodhisattvas, and shravakas of the three times,
['ZH_T47_1998A_011:0856b22_3']	ã€€ã€€è²èç¨è¦ºåŠå¤©äººã€‚	ã€€ã€€è²èç¨è¦ºåŠå¤©äººã€‚	011	The solitary buddhas, devas, humans,
['ZH_T47_1998A_011:0856b22_11']	åœ°ç„ä¿®ç¾…é¬¼ç•œç­‰ã€‚	åœ°ç„ä¿®ç¾…é¬¼ç•œç­‰ã€‚	011	The hells, asuras, ghosts, and animals,
['ZH_T47_1998A_011:0856b22_21']	ã€€ã€€ä¸€ä¸€çš†æ‰¿æ­¤ç¶“åŠ›ã€‚	ã€€ã€€ä¸€ä¸€çš†æ‰¿æ­¤ç¶“åŠ›ã€‚	011	Each and every one relies on the power of this sutra.
['ZH_T47_1998A_011:0856b23_7']	æˆ‘ä»Šå¾©èˆ‡è«¸ä½›å­ã€‚	æˆ‘ä»Šå¾©èˆ‡è«¸ä½›å­ã€‚	011	I now, together with the Buddha's disciples,
['ZH_T47_1998A_011:0856b23_17']	ã€€ã€€å„ç”Ÿæ®Šå‹é›£é‡å¿ƒã€‚	ã€€ã€€å„ç”Ÿæ®Šå‹é›£é‡å¿ƒã€‚	011	Each give rise to a rare and difficult to encounter superior mind.
['ZH_T47_1998A_011:0856b24_4']	ã€€ã€€é‚„æ”æ­¤ç¶“ä¸€æ­¸å¡µã€‚	ã€€ã€€é‚„æ”æ­¤ç¶“ä¸€æ­¸å¡µã€‚	011	I will then collect this sutra back into a single dust mote.
['ZH_T47_1998A_011:0856b24_12']	å®‰ä½æ¯˜ç›§æ³•å¯¶è—ã€‚	å®‰ä½æ¯˜ç›§æ³•å¯¶è—ã€‚	011	Abiding peacefully in the treasury of the Dharma jewel of Vairocana.
['ZH_T47_1998A_011:0856b26_5']	èŠæ³‰ä¼¯æª¢å¯Ÿç‚ºå…ˆå®‰æ’«è«‹é™å ‚åˆèŠæ³‰ä¼¯æª¢å¯Ÿç‚ºå…ˆå®‰æ’«è«‹é™å ‚åˆè¿‘ä¾†å­¸ä½›äººã€‚	èŠæ³‰ä¼¯æª¢å¯Ÿç‚ºå…ˆå®‰æ’«è«‹é™å ‚åˆèŠæ³‰ä¼¯æª¢å¯Ÿç‚ºå…ˆå®‰æ’«è«‹é™å ‚åˆè¿‘ä¾†å­¸ä½›äººã€‚	011	Verses Requested by the Pacification Commissioner Zhuan Quanbo to Ascend the Hall. In recent times, people who study Buddhism,
['ZH_T47_1998A_011:0856b26_13']	ã€€ã€€å°‘è¦‹ä¸é¡›å€’ã€‚	ã€€ã€€å°‘è¦‹ä¸é¡›å€’ã€‚	011	Rarely see what is not upside down.
['ZH_T47_1998A_011:0856b26_21']	ã€€ã€€å”¯å‹™è³‡è«‡æŸ„ã€‚	ã€€ã€€å”¯å‹™è³‡è«‡æŸ„ã€‚	011	They only strive to acquire talking points,
['ZH_T47_1998A_011:0856b27_3']	ã€€ã€€æ£„å¤§è€Œå°±å°ã€‚	ã€€ã€€æ£„å¤§è€Œå°±å°ã€‚	011	Abandoning the great and turning to the small.
['ZH_T47_1998A_011:0856b27_9']	æ˜§å´ç›´æˆªäº‹ã€‚	æ˜§å´ç›´æˆªäº‹ã€‚	011	They obscure the straightforward matter,
['ZH_T47_1998A_011:0856b27_17']	ã€€ã€€å¤–é‚Šæ‰“ä¹‹é¶ã€‚	ã€€ã€€å¤–é‚Šæ‰“ä¹‹é¶ã€‚	011	Wandering around outside.
['ZH_T47_1998A_011:0856b28_1']	ã€€ã€€ç•¢ç«Ÿé‚£ä¸€è‘—ã€‚	ã€€ã€€ç•¢ç«Ÿé‚£ä¸€è‘—ã€‚	011	After all, which one move?
['ZH_T47_1998A_011:0856b28_7']	ä½•æ›¾å¾—åˆ†æ›‰ã€‚	ä½•æ›¾å¾—åˆ†æ›‰ã€‚	011	How could they ever understand?
['ZH_T47_1998A_011:0856b28_15']	ã€€ã€€ç¨æœ‰èŠå±…å£«ã€‚	ã€€ã€€ç¨æœ‰èŠå±…å£«ã€‚	011	Only the layman Zhuan,
['ZH_T47_1998A_011:0856b28_23']	ã€€ã€€çœŸå¯¦æ²’è™›çŸ¯ã€‚	ã€€ã€€çœŸå¯¦æ²’è™›çŸ¯ã€‚	011	Is truly without pretense.
['ZH_T47_1998A_011:0856b29_4']	ã€€ã€€æ–·é™¤ç…©æƒ±æ ¹ã€‚	ã€€ã€€æ–·é™¤ç…©æƒ±æ ¹ã€‚	011	He cuts off the roots of afflictions,
['ZH_T47_1998A_011:0856b29_10']	çƒˆç«ç‡’ä¹¾è‰ã€‚	çƒˆç«ç‡’ä¹¾è‰ã€‚	011	Like a fierce fire burning dry grass.
['ZH_T47_1998A_011:0856b29_18']	ã€€ã€€å¿ƒåœ°æ—¢å®‰ç„¶ã€‚	ã€€ã€€å¿ƒåœ°æ—¢å®‰ç„¶ã€‚	011	Since his mind-ground is at ease,
['ZH_T47_1998A_011:0856c01_2']	ã€€ã€€é­”å¢ƒè±ˆèƒ½æ“¾ã€‚	ã€€ã€€é­”å¢ƒè±ˆèƒ½æ“¾ã€‚	011	How could the demonic realm disturb him?
['ZH_T47_1998A_011:0856c01_8']	ä»»çˆ¾é¬§æµ©æµ©ã€‚	ä»»çˆ¾é¬§æµ©æµ©ã€‚	011	Leave it to you to make a great commotion,
['ZH_T47_1998A_011:0856c01_16']	ã€€ã€€æˆ‘å¸¸éœæ‚„æ‚„ã€‚	ã€€ã€€æˆ‘å¸¸éœæ‚„æ‚„ã€‚	011	I always remain quietly still.
['ZH_T47_1998A_011:0856c01_24']	ã€€ã€€æœ«å¾Œç¤ºçœŸæ­¸ã€‚	ã€€ã€€æœ«å¾Œç¤ºçœŸæ­¸ã€‚	011	In the end, he shows true return,
['ZH_T47_1998A_011:0856c02_5']	å¦‚è„«ç ´å¸ƒè¥–ã€‚	å¦‚è„«ç ´å¸ƒè¥–ã€‚	011	Like taking off a tattered cloth robe.
['ZH_T47_1998A_011:0856c02_13']	ã€€ã€€åŠ è¶ºå…¥ç¦ªå®šã€‚	ã€€ã€€åŠ è¶ºå…¥ç¦ªå®šã€‚	011	He sits cross-legged in dhyÄna concentration,
['ZH_T47_1998A_011:0856c02_21']	ã€€ã€€çš“æœˆè‡¨æ¸…æ²¼ã€‚	ã€€ã€€çš“æœˆè‡¨æ¸…æ²¼ã€‚	011	Like the bright moon shining over a clear pond.
['ZH_T47_1998A_011:0856c03_3']	ã€€ã€€é€éç”Ÿæ­»é—œã€‚	ã€€ã€€é€éç”Ÿæ­»é—œã€‚	011	He penetrates the barrier of birth and death,
['ZH_T47_1998A_011:0856c03_9']	æ“Šç¢ç„¡åƒ¹å¯¶ã€‚	æ“Šç¢ç„¡åƒ¹å¯¶ã€‚	011	Smashing the priceless treasure.
['ZH_T47_1998A_011:0856c03_17']	ã€€ã€€å‰›æ­£å¤§ä¸ˆå¤«ã€‚	ã€€ã€€å‰›æ­£å¤§ä¸ˆå¤«ã€‚	011	A true great man,
['ZH_T47_1998A_011:0856c04_1']	ã€€ã€€ä¸€äº†ä¸€åˆ‡äº†ã€‚	ã€€ã€€ä¸€äº†ä¸€åˆ‡äº†ã€‚	011	One understanding, all are understood.
['ZH_T47_1998A_011:0856c06_7']	æ–¹æ•·æ–‡è«‹é™å ‚èˆ‰é‚£å’å¤ªå­å› ç·£æ–¹æ•·æ–‡è«‹é™å ‚èˆ‰é‚£å’å¤ªå­å› ç·£éª¨è‚‰éƒ½é‚„çˆ¶æ¯äº†ã€‚	æ–¹æ•·æ–‡è«‹é™å ‚èˆ‰é‚£å’å¤ªå­å› ç·£æ–¹æ•·æ–‡è«‹é™å ‚èˆ‰é‚£å’å¤ªå­å› ç·£éª¨è‚‰éƒ½é‚„çˆ¶æ¯äº†ã€‚	011	Fang Fuwen invited him to ascend the hall and speak of the story of Prince Naá¹­e. After Fang Fuwen invited him to ascend the hall and speak of the story of Prince Naá¹­e, the prince's bones and flesh were all returned to his parents.
['ZH_T47_1998A_011:0856c06_17']	ã€€ã€€ä¸çŸ¥é‚£ç®‡æ˜¯é‚£å’ã€‚	ã€€ã€€ä¸çŸ¥é‚£ç®‡æ˜¯é‚£å’ã€‚	011	But I do not know which one is Prince Naá¹­e.
['ZH_T47_1998A_011:0856c07_4']	ã€€ã€€ä¸€æ¯›é ­ä¸Šç¿»èº«è½‰ã€‚	ã€€ã€€ä¸€æ¯›é ­ä¸Šç¿»èº«è½‰ã€‚	011	Turning the body on the tip of a single hair.
['ZH_T47_1998A_011:0856c07_12']	ä¸€ä¸€æ¯›é ­æ¸¾ä¸å·®ã€‚	ä¸€ä¸€æ¯›é ­æ¸¾ä¸å·®ã€‚	011	Each and every hair is not mistaken.
['ZH_T47_1998A_011:0856c09_7']	è¶™æå®®è«‹é™å ‚åˆè¶™æå®®è«‹é™å ‚åˆè¨€å‰è–¦å¾—å·²å¤©æ¶¯ã€‚	è¶™æå®®è«‹é™å ‚åˆè¶™æå®®è«‹é™å ‚åˆè¨€å‰è–¦å¾—å·²å¤©æ¶¯ã€‚	011	Zhao Ti Gong invited him to ascend the hall. The verse says: Before the words, already at the edge of the sky.
['ZH_T47_1998A_011:0856c09_17']	ã€€ã€€å¥å¾Œæ‰¿ç•¶è·¯è½‰è³’ã€‚	ã€€ã€€å¥å¾Œæ‰¿ç•¶è·¯è½‰è³’ã€‚	011	After the phrase, the road becomes more expensive.
['ZH_T47_1998A_011:0856c10_4']	ã€€ã€€ä¸€æ“Šéµé—œå¦‚ç²‰ç¢ã€‚	ã€€ã€€ä¸€æ“Šéµé—œå¦‚ç²‰ç¢ã€‚	011	One strike of the iron lock, like shattering dust.
['ZH_T47_1998A_011:0856c10_12']	æ°´å¤©ç©ºé—Šé›è¡Œæ–œã€‚	æ°´å¤©ç©ºé—Šé›è¡Œæ–œã€‚	011	The water and sky are vast, the geese fly obliquely.
['ZH_T47_1998A_011:0856c12_4']	æåƒæ”¿è½‰ç‰©è´æåƒæ”¿è½‰ç‰©è´å¹¶å¼•æ³°ç™¼æ±Ÿæœˆè€äººã€‚	æåƒæ”¿è½‰ç‰©è´æåƒæ”¿è½‰ç‰©è´å¹¶å¼•æ³°ç™¼æ±Ÿæœˆè€äººã€‚	011	Li, the Chief Minister, turned the objects' hall. Li, the Chief Minister, turned the objects' hall, along with the preface. The elder Tai Fa Jiang Yue.
['ZH_T47_1998A_011:0856c12_13']	ç‰“æ‰€å±…ä¹‹å®¤æ›°è½‰ç‰©ã€‚	ç‰“æ‰€å±…ä¹‹å®¤æ›°è½‰ç‰©ã€‚	011	The room where he lived was called Turning Objects.
['ZH_T47_1998A_011:0856c13_11']	è“‹å–é¦–æ¥åš´è‹¥èƒ½è½‰ç‰©å³åŒå¦‚ä¾†ä¹‹ç¾©ã€‚	è“‹å–é¦–æ¥åš´è‹¥èƒ½è½‰ç‰©å³åŒå¦‚ä¾†ä¹‹ç¾©ã€‚	011	It takes the meaning of the ÅšÅ«raá¹ƒgama SÅ«tra, If one can turn objects, it is the same as the TathÄgata.
['ZH_T47_1998A_011:0856c13_16']	æ›¸ä¾†ç´¢éŠ˜ã€‚	æ›¸ä¾†ç´¢éŠ˜ã€‚	011	He wrote to request an inscription.
['ZH_T47_1998A_011:0856c14_7']	å¦™å–œå®—æ²ç‚ºä¹‹éŠ˜æ›°ã€‚	å¦™å–œå®—æ²ç‚ºä¹‹éŠ˜æ›°ã€‚	011	Miaoxi Zonggao wrote the inscription, saying:
['ZH_T47_1998A_011:0856c15_8']	è‹¥èƒ½è½‰ç‰©å³åŒå¦‚ä¾†ã€‚	è‹¥èƒ½è½‰ç‰©å³åŒå¦‚ä¾†ã€‚	011	If one can turn objects, it is the same as the TathÄgata.
['ZH_T47_1998A_011:0856c15_17']	å’„å“‰ç¿æ›‡èª‘è«•ç™¡çƒã€‚	å’„å“‰ç¿æ›‡èª‘è«•ç™¡çƒã€‚	011	Bah! Gautama deceives and deludes the foolish.
['ZH_T47_1998A_011:0856c16_7']	ç‰©ç„¡è‡ªæ€§æˆ‘äº¦éæœ‰ã€‚	ç‰©ç„¡è‡ªæ€§æˆ‘äº¦éæœ‰ã€‚	011	Things have no inherent nature, and I also do not exist.
['ZH_T47_1998A_011:0856c16_16']	è½‰è€…ç‚ºèª°å¾’å‹å¿ƒæ‰‹ã€‚	è½‰è€…ç‚ºèª°å¾’å‹å¿ƒæ‰‹ã€‚	011	The turner is for whom? In vain exhausting mind and hands.
['ZH_T47_1998A_011:0856c17_6']	çŸ¥ç„¡è‡ªæ€§å¾©æ˜¯ä½•ç‰©ã€‚	çŸ¥ç„¡è‡ªæ€§å¾©æ˜¯ä½•ç‰©ã€‚	011	Knowing there is no inherent nature, what is it again?
['ZH_T47_1998A_011:0856c17_15']	ç¥èµ·æƒ…å¡µæ«ç©ºæ£éª¨ã€‚	ç¥èµ·æƒ…å¡µæ«ç©ºæ£éª¨ã€‚	011	Suddenly giving rise to emotional dust, groping in emptiness, grasping at bones.
['ZH_T47_1998A_011:0856c18_5']	æ­¤è´ç„¡ä½œä½è€…ä½•äººã€‚	æ­¤è´ç„¡ä½œä½è€…ä½•äººã€‚	011	Who dwells in this hut without action?
['ZH_T47_1998A_011:0856c18_14']	å…·é ‚é–€çœ¼è©¦è¾¨ç–è¦ªã€‚	å…·é ‚é–€çœ¼è©¦è¾¨ç–è¦ªã€‚	011	Those with the eye of the top of the head, try to discern the distant and the close.
['ZH_T47_1998A_011:0856c20_4']	å¯Œæ¨å¯†å¦™é«˜å ‚å¯Œæ¨å¯†å¦™é«˜å ‚å¹¶å¼•å­£ç”³æ¨å¯†å¯Œå…¬ã€‚	å¯Œæ¨å¯†å¦™é«˜å ‚å¯Œæ¨å¯†å¦™é«˜å ‚å¹¶å¼•å­£ç”³æ¨å¯†å¯Œå…¬ã€‚	011	Fu Shuzhong's Miaogao Hall and Introduction by Ji Shen Shuzhong Fu.
['ZH_T47_1998A_011:0856c20_10']	é–±è¯åš´å¤§æ•™ã€‚	é–±è¯åš´å¤§æ•™ã€‚	011	Read the great teachings of the Huayan.
['ZH_T47_1998A_011:0856c20_17']	å¨›æˆ²æ¯˜ç›§æ€§æµ·ã€‚	å¨›æˆ²æ¯˜ç›§æ€§æµ·ã€‚	011	Playfully enjoy the nature ocean of Vairocana.
['ZH_T47_1998A_011:0856c21_8']	éš¨æ‰€å¯“æ­åæ›°å¦™é«˜å ‚ã€‚	éš¨æ‰€å¯“æ­åæ›°å¦™é«˜å ‚ã€‚	011	Wherever he stayed, he named it Miaogao Hall.
['ZH_T47_1998A_011:0856c22_8']	è“‹å–æ³•ç•Œå‹æ¨‚å¦™é«˜ä¹‹ç¾©ä½œè‡ªå—ç”¨ä½›äº‹ã€‚	è“‹å–æ³•ç•Œå‹æ¨‚å¦™é«˜ä¹‹ç¾©ä½œè‡ªå—ç”¨ä½›äº‹ã€‚	011	It takes the meaning of the wonderful and lofty of the Dharma realm to create the Buddha's affairs of self-enjoyment.
['ZH_T47_1998A_011:0856c22_13']	æ›¸ä¾†ç´¢éŠ˜ã€‚	æ›¸ä¾†ç´¢éŠ˜ã€‚	011	He wrote to request a stele inscription.
['ZH_T47_1998A_011:0856c23_3']	å¦™å–œæŸç‚ºä¹‹éŠ˜æ›°ã€‚	å¦™å–œæŸç‚ºä¹‹éŠ˜æ›°ã€‚	011	Miaoxi Suo wrote the inscription, saying:
['ZH_T47_1998A_011:0856c24_6']	å¦™é«˜å ‚éš¨æ‰€è‡³ã€‚	å¦™é«˜å ‚éš¨æ‰€è‡³ã€‚	011	The Miaogao Hall is wherever it goes.
['ZH_T47_1998A_011:0856c24_15']	ã€€ã€€ç‰“æœªæ‡¸è½ç¬¬äºŒã€‚	ã€€ã€€ç‰“æœªæ‡¸è½ç¬¬äºŒã€‚	011	The signboard is not yet hung, falling to second place.
['ZH_T47_1998A_011:0856c25_1']	ã€€ã€€ä¼¼çŒ›ç„°è—èšŠèš‹ã€‚	ã€€ã€€ä¼¼çŒ›ç„°è—èšŠèš‹ã€‚	011	Like a fierce flame hiding mosquitoes and flies.
['ZH_T47_1998A_011:0856c25_8']	æ“¬æ‰¿ç•¶ç”Ÿå¦„è¨ˆã€‚	æ“¬æ‰¿ç•¶ç”Ÿå¦„è¨ˆã€‚	011	If you try to take it on, you give rise to false calculations.
['ZH_T47_1998A_011:0856c25_17']	ã€€ã€€å¾·é›²å¸«å®‰æœ‰ä½œã€‚	ã€€ã€€å¾·é›²å¸«å®‰æœ‰ä½œã€‚	011	Where is the action of Master Devagupta?
['ZH_T47_1998A_011:0856c26_2']	ã€€ã€€åœ¨åˆ¥å³¯äº¦å¯¬å»“ã€‚	ã€€ã€€åœ¨åˆ¥å³¯äº¦å¯¬å»“ã€‚	011	In another peak, it is also vast and spacious.
['ZH_T47_1998A_011:0856c26_9']	ä½ä½›åœ°ä½•æ‰€è¨—ã€‚	ä½ä½›åœ°ä½•æ‰€è¨—ã€‚	011	Abiding in the Buddha ground, what is relied upon?
['ZH_T47_1998A_011:0856c26_18']	ã€€ã€€æˆ‘ä½œéŠ˜ä»»åœ–åº¦ã€‚	ã€€ã€€æˆ‘ä½œéŠ˜ä»»åœ–åº¦ã€‚	011	I compose this inscription to measure it.
['ZH_T47_1998A_011:0856c28_7']	é­ä¾éƒæ·¨å¿ƒé–£é­ä¾éƒæ·¨å¿ƒé–£é‚¦é”å‰å“‰å»£å¤§å¯‚æ»…å¿ƒã€‚	é­ä¾éƒæ·¨å¿ƒé–£é­ä¾éƒæ·¨å¿ƒé–£é‚¦é”å‰å“‰å»£å¤§å¯‚æ»…å¿ƒã€‚	011	Wei Shi Lang's Pure Mind Pavilion Wei Shi Lang's Pure Mind Pavilion Bangda! The vast and great mind of quiescent extinction.
['ZH_T47_1998A_011:0856c28_17']	ã€€ã€€è­¬å¦‚è™›ç©ºä¸åˆ†åˆ¥ã€‚	ã€€ã€€è­¬å¦‚è™›ç©ºä¸åˆ†åˆ¥ã€‚	011	It is like empty space, without discrimination.
['ZH_T47_1998A_011:0856c29_4']	ã€€ã€€æ“¬å¿ƒæ±‚æ·¨å³æŸ“æ±¡ã€‚	ã€€ã€€æ“¬å¿ƒæ±‚æ·¨å³æŸ“æ±¡ã€‚	011	If one intends to seek purity, it becomes defiled.
['ZH_T47_1998A_011:0856c29_12']	æ³å¾©æ¯”å€«è«¸ä½›åœŸã€‚	æ³å¾©æ¯”å€«è«¸ä½›åœŸã€‚	011	How much more so when comparing it to the lands of all Buddhas?
['ZH_T47_1998A_011:0857a01_1']	ã€€ã€€åˆå¦‚å¤¢ä¸­æ‰€è¦‹ç‰©ã€‚	ã€€ã€€åˆå¦‚å¤¢ä¸­æ‰€è¦‹ç‰©ã€‚	011	It is also like objects seen in a dream.
['ZH_T47_1998A_011:0857a01_9']	æ‰€è¦‹é›–æœ‰ä¸å¯å–ã€‚	æ‰€è¦‹é›–æœ‰ä¸å¯å–ã€‚	011	Although what is seen exists, it cannot be grasped.
['ZH_T47_1998A_011:0857a01_19']	ã€€ã€€å¦‚æ˜¯é€šé”ç„¡æœ‰ç–‘ã€‚	ã€€ã€€å¦‚æ˜¯é€šé”ç„¡æœ‰ç–‘ã€‚	011	Thus, one penetrates it without doubt.
['ZH_T47_1998A_011:0857a02_5']	ã€€ã€€æ·¨å¿ƒä¹‹ç¾©ç‚³ç„¶ç¾ã€‚	ã€€ã€€æ·¨å¿ƒä¹‹ç¾©ç‚³ç„¶ç¾ã€‚	011	The meaning of pure mind is clearly manifested.
['ZH_T47_1998A_011:0857a02_13']	æ˜¯ç¾©ç¾çŸ£é›£æ¸¬é‡ã€‚	æ˜¯ç¾©ç¾çŸ£é›£æ¸¬é‡ã€‚	011	This meaning, once manifested, is difficult to fathom.
['ZH_T47_1998A_011:0857a03_2']	ã€€ã€€è¶…è«¸è‰²ç›¸é›¢è¨€èªªã€‚	ã€€ã€€è¶…è«¸è‰²ç›¸é›¢è¨€èªªã€‚	011	It transcends all forms and is beyond words.
['ZH_T47_1998A_011:0857a03_10']	éå»æœªä¾†ç¾åœ¨ä¸–ã€‚	éå»æœªä¾†ç¾åœ¨ä¸–ã€‚	011	In the past, future, and present worlds,
['ZH_T47_1998A_011:0857a03_20']	ã€€ã€€ä½›åŠè©è–©èˆ‡è²èã€‚	ã€€ã€€ä½›åŠè©è–©èˆ‡è²èã€‚	011	The Buddhas, Bodhisattvas, and Sravakas,
['ZH_T47_1998A_011:0857a04_6']	ã€€ã€€ä¸€åˆ‡å«è­˜æœ‰æƒ…é¡ã€‚	ã€€ã€€ä¸€åˆ‡å«è­˜æœ‰æƒ…é¡ã€‚	011	All sentient beings and living creatures,
['ZH_T47_1998A_011:0857a04_14']	å¹³ç­‰æ–¼ç¾©å¦‚å¯¦äº†ã€‚	å¹³ç­‰æ–¼ç¾©å¦‚å¯¦äº†ã€‚	011	Equally realize the meaning as it truly is.
['ZH_T47_1998A_011:0857a05_3']	ã€€ã€€å–„å“‰å¥‡ç‰¹éé‡äººã€‚	ã€€ã€€å–„å“‰å¥‡ç‰¹éé‡äººã€‚	011	Excellent and extraordinary, surpassing the ordinary person,
['ZH_T47_1998A_011:0857a05_11']	åªä»¥æ­¤é–£æ¼”æ˜¯ç¾©ã€‚	åªä»¥æ­¤é–£æ¼”æ˜¯ç¾©ã€‚	011	Only in this pavilion does this meaning unfold.
['ZH_T47_1998A_011:0857a05_21']	ã€€ã€€æ¼”å·²ä¾¿æ¯éš¨æ‰€ç·£ã€‚	ã€€ã€€æ¼”å·²ä¾¿æ¯éš¨æ‰€ç·£ã€‚	011	Once unfolded, it ceases and follows the conditions.
['ZH_T47_1998A_011:0857a06_7']	äº¦èˆ‡å¤¢ä¸­ç„¡å·®åˆ¥ã€‚	äº¦èˆ‡å¤¢ä¸­ç„¡å·®åˆ¥ã€‚	011	It is also no different from a dream.
['ZH_T47_1998A_011:0857a06_17']	ã€€ã€€æˆ‘ä»¥çˆ¶æ¯æ‰€ç”Ÿå£ã€‚	ã€€ã€€æˆ‘ä»¥çˆ¶æ¯æ‰€ç”Ÿå£ã€‚	011	With the mouth born of my parents,
['ZH_T47_1998A_011:0857a07_4']	ã€€ã€€èªªæ­¤ç„¡ä¸Šå¦™ä¼½é™€ã€‚	ã€€ã€€èªªæ­¤ç„¡ä¸Šå¦™ä¼½é™€ã€‚	011	I speak this unsurpassed and wondrous verse.
['ZH_T47_1998A_011:0857a07_12']	èŠåš´å»£å¤§å¯‚æ»…å¿ƒã€‚	èŠåš´å»£å¤§å¯‚æ»…å¿ƒã€‚	011	Adorning the vast and tranquil mind,
['ZH_T47_1998A_011:0857a08_1']	ã€€ã€€ç‚ºè«¸ä¾†è€…ä½œé¥’ç›Šã€‚	ã€€ã€€ç‚ºè«¸ä¾†è€…ä½œé¥’ç›Šã€‚	011	I benefit all who come.
['ZH_T47_1998A_011:0857a10_4']	å‘ä¾éƒç„¡ç†±è»’å‘ä¾éƒç„¡ç†±è»’å¹¶å¼•ä¼¯æ­è–Œæ—å±…å£«ã€‚	å‘ä¾éƒç„¡ç†±è»’å‘ä¾éƒç„¡ç†±è»’å¹¶å¼•ä¼¯æ­è–Œæ—å±…å£«ã€‚	011	To the Attendant Gentleman Wurenxuan and Attendant Gentleman Wurenxuan, along with the introduction by the Layman of Xianglin, Bo Gong.
['ZH_T47_1998A_011:0857a10_9']	æ–¼æ‰€å±…åœ’ã€‚	æ–¼æ‰€å±…åœ’ã€‚	011	In the garden where he resides,
['ZH_T47_1998A_011:0857a10_16']	è‡¨æ± ä½œç„¡ç†±è»’ã€‚	è‡¨æ± ä½œç„¡ç†±è»’ã€‚	011	By the pond, he built the Wurenxuan Pavilion.
['ZH_T47_1998A_011:0857a11_6']	å°‡æ–¼åŒ—åŸ­èµ·é€£è¼è§€ã€‚	å°‡æ–¼åŒ—åŸ­èµ·é€£è¼è§€ã€‚	011	He plans to build the Lianghuan Temple on the northern embankment.
['ZH_T47_1998A_011:0857a12_13']	å–è¯åš´ç„¡ç†±å¤§é¾ç‹å®®æµå‡ºå››æ²³è¯æ—å¯¶æ¨¹æ¥å½±é€£è¼ä¹‹ç¾©ã€‚	å–è¯åš´ç„¡ç†±å¤§é¾ç‹å®®æµå‡ºå››æ²³è¯æ—å¯¶æ¨¹æ¥å½±é€£è¼ä¹‹ç¾©ã€‚	011	Taking the meaning of the Huayan Sutra's Wure (Heat) Great Dragon King Palace, from which four rivers flow out, with the jeweled trees in the flower forest connecting their shadows in a brilliant array.
['ZH_T47_1998A_011:0857a13_6']	æ¨‚è°·éŸ“å…¬å¸è««ç‚ºä¹‹è¨˜ã€‚	æ¨‚è°·éŸ“å…¬å¸è««ç‚ºä¹‹è¨˜ã€‚	011	The Han Company Commander of Yuegu, Han Siyan, wrote a record of it.
['ZH_T47_1998A_011:0857a13_17']	å±…å£«ä¾†ç´¢é„™èªä¹ƒèªªæ˜¯åˆã€‚	å±…å£«ä¾†ç´¢é„™èªä¹ƒèªªæ˜¯åˆã€‚	011	The layman came to request my words, so I spoke this verse.
['ZH_T47_1998A_011:0857a14_7']	å‹‡çŒ›ç²¾é€²éé‡äººã€‚	å‹‡çŒ›ç²¾é€²éé‡äººã€‚	011	The one who is vigorous and makes great progress,
['ZH_T47_1998A_011:0857a14_17']	ã€€ã€€è™Ÿæ›°è–Œæ—å¤§å±…å£«ã€‚	ã€€ã€€è™Ÿæ›°è–Œæ—å¤§å±…å£«ã€‚	011	Is called the great layman of Xianglin.
['ZH_T47_1998A_011:0857a15_4']	ã€€ã€€ä½ç„¡è®Šæ˜“çœŸå¯¦è™•ã€‚	ã€€ã€€ä½ç„¡è®Šæ˜“çœŸå¯¦è™•ã€‚	011	Abiding in the unchanging and true place,
['ZH_T47_1998A_011:0857a15_12']	è€Œå¸¸é †è¡Œè«¸ä½›æ³•ã€‚	è€Œå¸¸é †è¡Œè«¸ä½›æ³•ã€‚	011	And always following the Buddha's teachings.
['ZH_T47_1998A_011:0857a16_1']	ã€€ã€€ä¸ä½œä¸–é–“é¡›å€’æ¥­ã€‚	ã€€ã€€ä¸ä½œä¸–é–“é¡›å€’æ¥­ã€‚	011	Not creating inverted actions in the world,
['ZH_T47_1998A_011:0857a16_9']	æˆè¾¦å‡ºä¸–å‹æ–¹ä¾¿ã€‚	æˆè¾¦å‡ºä¸–å‹æ–¹ä¾¿ã€‚	011	Accomplishing the supreme expedient means of transcending the world.
['ZH_T47_1998A_011:0857a16_19', 'ZH_T47_1998A_011:0857a17_5']	ã€€ã€€è€Œèƒ½æ–¼æ­¤æ–¹ä¾¿ä¸­ã€‚ğŸ”½ã€€ã€€å¹»å‡ºé›£æ€è«¸å¢ƒç•Œã€‚	ã€€ã€€è€Œèƒ½æ–¼æ­¤æ–¹ä¾¿ä¸­ã€‚ ã€€ã€€å¹»å‡ºé›£æ€è«¸å¢ƒç•Œã€‚	011	Within this skillful means.
['ZH_T47_1998A_011:0857a17_13']	å¾©æ–¼é›£æ€å¢ƒç•Œä¸­ã€‚	å¾©æ–¼é›£æ€å¢ƒç•Œä¸­ã€‚	011	And within these inconceivable realms,
['ZH_T47_1998A_011:0857a18_2']	ã€€ã€€è€Œç¾ç¨®ç¨®æ®Šå‹äº‹ã€‚	ã€€ã€€è€Œç¾ç¨®ç¨®æ®Šå‹äº‹ã€‚	011	They manifest various extraordinary events.
['ZH_T47_1998A_011:0857a18_10']	è¯æ—å¯¶æ¨¹å’¸æ”¾å…‰ã€‚	è¯æ—å¯¶æ¨¹å’¸æ”¾å…‰ã€‚	011	Flower forests and jeweled trees all emit light,
['ZH_T47_1998A_011:0857a18_20']	ã€€ã€€æ¥å½±é€£è¼ç›¸é‘’å¾¹ã€‚	ã€€ã€€æ¥å½±é€£è¼ç›¸é‘’å¾¹ã€‚	011	Connecting shadows and radiance, reflecting each other.
['ZH_T47_1998A_011:0857a19_6']	ã€€ã€€å…‰è‰²æ¸…æ·¨å¦‚é‡‘å‰›ã€‚	ã€€ã€€å…‰è‰²æ¸…æ·¨å¦‚é‡‘å‰›ã€‚	011	The light and colors are pure like vajra,
['ZH_T47_1998A_011:0857a19_14']	ä¸–é–“ç„¡æœ‰èƒ½å£è€…ã€‚	ä¸–é–“ç„¡æœ‰èƒ½å£è€…ã€‚	011	Nothing in the world can destroy them.
['ZH_T47_1998A_011:0857a20_3']	ã€€ã€€åˆå¦‚ç„¡ç†±å¤§å¯¶æ± ã€‚	ã€€ã€€åˆå¦‚ç„¡ç†±å¤§å¯¶æ± ã€‚	011	Also like the great jewel pond without heat,
['ZH_T47_1998A_011:0857a20_11']	å››é¢åˆ†æµå…¥æ–¼æµ·ã€‚	å››é¢åˆ†æµå…¥æ–¼æµ·ã€‚	011	Flowing in four directions into the ocean.
['ZH_T47_1998A_011:0857a20_21']	ã€€ã€€æ˜¯æµ·å»£å¤§ç„¡é‚Šéš›ã€‚	ã€€ã€€æ˜¯æµ·å»£å¤§ç„¡é‚Šéš›ã€‚	011	This ocean is vast and boundless,
['ZH_T47_1998A_011:0857a21_7']	ä¸å‡ºå±…å£«ä¸€æ¯›å­”ã€‚	ä¸å‡ºå±…å£«ä¸€æ¯›å­”ã€‚	011	Not leaving the pores of the householder.
['ZH_T47_1998A_011:0857a21_17']	ã€€ã€€æ–¼ä¸€æ¯›å­”æ”¾å…‰æ˜ã€‚	ã€€ã€€æ–¼ä¸€æ¯›å­”æ”¾å…‰æ˜ã€‚	011	From a single pore, light is emitted,
['ZH_T47_1998A_011:0857a22_4']	ã€€ã€€å…«è¬å››åƒåŒæ™‚ç™¼ã€‚	ã€€ã€€å…«è¬å››åƒåŒæ™‚ç™¼ã€‚	011	Eighty-four thousand shining forth simultaneously.
['ZH_T47_1998A_011:0857a22_12']	ä¸å‹å±…å£«è½‰èˆŒç›¸ã€‚	ä¸å‹å±…å£«è½‰èˆŒç›¸ã€‚	011	Without the householder's effort to turn the tongue-mark,
['ZH_T47_1998A_011:0857a23_1']	ã€€ã€€åªä»¥æ­¤å…‰å®£å¦™æ³•ã€‚	ã€€ã€€åªä»¥æ­¤å…‰å®£å¦™æ³•ã€‚	011	Using only this light to proclaim the wonderful Dharma.
['ZH_T47_1998A_011:0857a23_9']	æ˜¯æ³•å³æ˜¯æ­¤å…‰æ˜ã€‚	æ˜¯æ³•å³æ˜¯æ­¤å…‰æ˜ã€‚	011	This Dharma is precisely this light,
['ZH_T47_1998A_011:0857a23_19']	ã€€ã€€ä¸é›¢æ˜¯å…‰èªªæ­¤æ³•ã€‚	ã€€ã€€ä¸é›¢æ˜¯å…‰èªªæ­¤æ³•ã€‚	011	Not apart from this light to expound this Dharma.
['ZH_T47_1998A_011:0857a24_5']	ã€€ã€€å¤§æµ·æ¯›å­”äº¦å¾©çˆ¾ã€‚	ã€€ã€€å¤§æµ·æ¯›å­”äº¦å¾©çˆ¾ã€‚	011	The great ocean and pores are also like this.
['ZH_T47_1998A_011:0857a24_13']	æ­¤æ˜¯è–Œæ—ç„¡ç†±ç¾©ã€‚	æ­¤æ˜¯è–Œæ—ç„¡ç†±ç¾©ã€‚	011	This is the meaning of the fragrant forest without heat.
['ZH_T47_1998A_011:0857a25_2']	ã€€ã€€æ˜¯ç¾©å¦‚ç©ºä¸å¯é‡ã€‚	ã€€ã€€æ˜¯ç¾©å¦‚ç©ºä¸å¯é‡ã€‚	011	This meaning is immeasurable like space,
['ZH_T47_1998A_011:0857a25_10']	ä¸€ä¸€åŒ…ç¾…ä¸–é–“ç›¸ã€‚	ä¸€ä¸€åŒ…ç¾…ä¸–é–“ç›¸ã€‚	011	Each and every one encompassing the characteristics of the world.
['ZH_T47_1998A_011:0857a25_20']	ã€€ã€€æˆ‘ä»Šä»¥æ­¤ç„¡ç¾©èªã€‚	ã€€ã€€æˆ‘ä»Šä»¥æ­¤ç„¡ç¾©èªã€‚	011	I now use this meaningless speech
['ZH_T47_1998A_011:0857a26_6']	ã€€ã€€ç•¥ç‚ºå±…å£«å‡ºéš»æ‰‹ã€‚	ã€€ã€€ç•¥ç‚ºå±…å£«å‡ºéš»æ‰‹ã€‚	011	To briefly help the layman extend a helping hand.
['ZH_T47_1998A_011:0857a26_14']	ä½›å­ä¾†ç™»ç„¡ç†±è»’ã€‚	ä½›å­ä¾†ç™»ç„¡ç†±è»’ã€‚	011	The Buddha's disciple comes to ascend the Heatless Pavilion,
['ZH_T47_1998A_011:0857a27_3']	ã€€ã€€çœ¾å¯¶å¦™æ²™é–‹æˆ¶ç‰–ã€‚	ã€€ã€€çœ¾å¯¶å¦™æ²™é–‹æˆ¶ç‰–ã€‚	011	With wondrous sand of myriad treasures opening the windows and doors.
['ZH_T47_1998A_011:0857a29_4']	è”¡çŸ¥ç¸£å°è´è”¡çŸ¥ç¸£å°è´å¹¶å¼•å¿«æ´»å±…å£«ã€‚	è”¡çŸ¥ç¸£å°è´è”¡çŸ¥ç¸£å°è´å¹¶å¼•å¿«æ´»å±…å£«ã€‚	011	Cai Zhixian's Small Hermitage, by Cai Zhixian, the Magistrate of Xia, and Introduction by the Happy Man.
['ZH_T47_1998A_011:0857a29_12']	çµè´æ–¼å—å¶½ä¹‹é™½ã€‚	çµè´æ–¼å—å¶½ä¹‹é™½ã€‚	011	He built a hermitage to the south of Nanyue.
['ZH_T47_1998A_011:0857a29_17']	ä»¥å°åä¹‹ã€‚	ä»¥å°åä¹‹ã€‚	011	He named it Small
['ZH_T47_1998A_011:0857b01_13']	è“‹å–çŸ³é ­å’Œå°šè´é›–å°å«æ³•ç•Œä¹‹ç¾©ã€‚	è“‹å–çŸ³é ­å’Œå°šè´é›–å°å«æ³•ç•Œä¹‹ç¾©ã€‚	011	To take the meaning of Although the hermitage of Stonehead is small, it contains the Dharma realm.
['ZH_T47_1998A_011:0857b02_4']	å±…å£«æ¬²äºˆæ›¸å…¶ç‰“ã€‚	å±…å£«æ¬²äºˆæ›¸å…¶ç‰“ã€‚	011	The layman wanted me to write a signboard for it.
['ZH_T47_1998A_011:0857b02_9']	å› èªªæ˜¯åˆã€‚	å› èªªæ˜¯åˆã€‚	011	So I spoke this verse:
['ZH_T47_1998A_011:0857b03_7']	æ­¤è´éå°äº¦éå¤§ã€‚	æ­¤è´éå°äº¦éå¤§ã€‚	011	This hermitage is neither small nor large.
['ZH_T47_1998A_011:0857b03_17']	ã€€ã€€å ªç¬‘çŸ³é ­ç©ºæ‘æ€ªã€‚	ã€€ã€€å ªç¬‘çŸ³é ­ç©ºæ‘æ€ªã€‚	011	I laugh at Stonehead's empty weirdness.
['ZH_T47_1998A_011:0857b04_4']	ã€€ã€€ä¸çŸ¥æ³•ç•Œå³æ­¤è´ã€‚	ã€€ã€€ä¸çŸ¥æ³•ç•Œå³æ­¤è´ã€‚	011	Not knowing that the Dharma realm is precisely this hermitage,
['ZH_T47_1998A_011:0857b04_12']	å½Šè¬‚æ­¤è´å«æ³•ç•Œã€‚	å½Šè¬‚æ­¤è´å«æ³•ç•Œã€‚	011	He forcefully says that this hermitage contains the Dharma realm.
['ZH_T47_1998A_011:0857b05_1']	ã€€ã€€è€Œä»Šæ¬²è­˜ä½è´äººã€‚	ã€€ã€€è€Œä»Šæ¬²è­˜ä½è´äººã€‚	011	But now, if you want to know the one who resides in the hermitage,
['ZH_T47_1998A_011:0857b05_9']	è¬è±¡ä¹‹ä¸­ç¨éœ²èº«ã€‚	è¬è±¡ä¹‹ä¸­ç¨éœ²èº«ã€‚	011	He is the body revealed alone amidst myriad phenomena.
['ZH_T47_1998A_011:0857b05_19']	ã€€ã€€å¦™å–œç‚ºå¯«æ­¤è´ç‰“ã€‚	ã€€ã€€å¦™å–œç‚ºå¯«æ­¤è´ç‰“ã€‚	011	Miaoxi wrote this signboard for the hermitage,
['ZH_T47_1998A_011:0857b06_5']	ã€€ã€€è¦èˆ‡å¤ªè™›ç‚ºè¿‘éš£ã€‚	ã€€ã€€è¦èˆ‡å¤ªè™›ç‚ºè¿‘éš£ã€‚	011	Wishing to be a close neighbor to the great void.
['ZH_T47_1998A_011:0857b08_7']	æ±ªç‹€å…ƒç‡•åè»’æ±ªç‹€å…ƒç‡•åè»’è–éŒ«ä¸æ–¼ä¸‰ç•Œç¾èº«æ„ã€‚	æ±ªç‹€å…ƒç‡•åè»’æ±ªç‹€å…ƒç‡•åè»’è–éŒ«ä¸æ–¼ä¸‰ç•Œç¾èº«æ„ã€‚	011	Wang, the Minister's, Meditation Hall, by Wang, the Minister, who did not manifest his body in the three realms.
['ZH_T47_1998A_011:0857b08_17']	ã€€ã€€æ‰èˆ‰ä½•å¦‚æ†’æ†’æ™‚ã€‚	ã€€ã€€æ‰èˆ‰ä½•å¦‚æ†’æ†’æ™‚ã€‚	011	When is agitation like a time of confusion?
['ZH_T47_1998A_011:0857b09_4']	ã€€ã€€å¯„èªè»’ä¸­ç‡•åè€…ã€‚	ã€€ã€€å¯„èªè»’ä¸­ç‡•åè€…ã€‚	011	I give this message to those sitting in the study:
['ZH_T47_1998A_011:0857b09_12']	å¥½çœ‹æ–°æœˆä¸‹å‰è°¿ã€‚	å¥½çœ‹æ–°æœˆä¸‹å‰è°¿ã€‚	011	Look carefully at the new moon in the front valley.
['ZH_T47_1998A_011:0857b11_7']	éŸ“å¸è««æ¨‚è°·éŸ“å¸è««æ¨‚è°·äººè¨€è‡³æ¨‚åœ¨æ­¤è°·ã€‚	éŸ“å¸è««æ¨‚è°·éŸ“å¸è««æ¨‚è°·äººè¨€è‡³æ¨‚åœ¨æ­¤è°·ã€‚	011	Han Si-jian, the man of Legu, says that the utmost joy is in this valley.
['ZH_T47_1998A_011:0857b11_17']	ã€€ã€€å­°ä¿¡æ¨‚ç‚ºè°·æ‰€ç§»ã€‚	ã€€ã€€å­°ä¿¡æ¨‚ç‚ºè°·æ‰€ç§»ã€‚	011	Who would believe that joy is moved by the valley?
['ZH_T47_1998A_011:0857b12_4']	ã€€ã€€ä»¥æ¨‚å‡æ–½ä¸æ¨‚è€…ã€‚	ã€€ã€€ä»¥æ¨‚å‡æ–½ä¸æ¨‚è€…ã€‚	011	Using joy to equally bestow on those who are not joyful,
['ZH_T47_1998A_011:0857b12_12']	æ–¹åçœŸæ¨‚ä¸ˆå¤«å…’ã€‚	æ–¹åçœŸæ¨‚ä¸ˆå¤«å…’ã€‚	011	Only then is it called true joy, a true man.
['ZH_T47_1998A_011:0857b14_7', 'ZH_T47_1998A_011:0857b14_17']	å…­æ¹›å ‚å…­æ¹›å ‚éæ¹›éæ–æ­¤æ³•æºã€‚ğŸ”½ã€€ã€€ç•¶æ©Ÿè«å­å‡åå­˜ã€‚	å…­æ¹›å ‚å…­æ¹›å ‚éæ¹›éæ–æ­¤æ³•æºã€‚ ã€€ã€€ç•¶æ©Ÿè«å­å‡åå­˜ã€‚	011	The Six Profound Hall, the Six Profound Hall, neither still nor moving, this is the source of the Dharma.ğŸ”½The opportune moment should not be tired of the provisional name being preserved.
['ZH_T47_1998A_011:0857b15_4']	ã€€ã€€ç›´é ˆéé‡è‹±éˆæ¼¢ã€‚	ã€€ã€€ç›´é ˆéé‡è‹±éˆæ¼¢ã€‚	011	One must be a hero beyond measure,
['ZH_T47_1998A_011:0857b15_12']	æ–¹å…¥ç„¡é‚Šå»£å¤§é–€ã€‚	æ–¹å…¥ç„¡é‚Šå»£å¤§é–€ã€‚	011	Only then can one enter the boundless vast gate.
['ZH_T47_1998A_011:0857b16_1']	ã€€ã€€è¬å¢ƒäº¤ç¾…å…ƒä¸äºŒã€‚	ã€€ã€€è¬å¢ƒäº¤ç¾…å…ƒä¸äºŒã€‚	011	The myriad realms interpenetrating are originally non-dual,
['ZH_T47_1998A_011:0857b16_9']	å…­çª“æ™å¤œæœªå˜—æ˜ã€‚	å…­çª“æ™å¤œæœªå˜—æ˜ã€‚	011	The six windows day and night are never dark.
['ZH_T47_1998A_011:0857b16_19']	ã€€ã€€é£œæ€é¾è€äº‹ç„¡åˆ¥ã€‚	ã€€ã€€é£œæ€é¾è€äº‹ç„¡åˆ¥ã€‚	011	Thinking back, the old man's affairs are no different,
['ZH_T47_1998A_011:0857b17_5']	ã€€ã€€æ“²åŠæ®ç©ºè±ˆæœ‰ç—•ã€‚	ã€€ã€€æ“²åŠæ®ç©ºè±ˆæœ‰ç—•ã€‚	011	Throwing the sword and swinging the void, how can there be a trace?
['ZH_T47_1998A_011:0857b19_8']	åŒå¡µè´åŒå¡µè´å¡µç„¡è‡ªæ€§æ”¬çœŸæˆç«‹ã€‚	åŒå¡µè´åŒå¡µè´å¡µç„¡è‡ªæ€§æ”¬çœŸæˆç«‹ã€‚	011	The Same Dust Hermitage, the Same Dust Hermitage, dust has no inherent nature, it is formed by embracing the truth.
['ZH_T47_1998A_011:0857b19_19']	ã€€ã€€æ“¬å’Œå…¶å…‰åŒäº¦ä¿±å¤±ã€‚	ã€€ã€€æ“¬å’Œå…¶å…‰åŒäº¦ä¿±å¤±ã€‚	011	If one tries to harmonize with its light, both are lost.
['ZH_T47_1998A_011:0857b20_7']	ã€€ã€€å¤–æ—¢åŒªå¯¬å…§äº¦ä¸çª’ã€‚	ã€€ã€€å¤–æ—¢åŒªå¯¬å…§äº¦ä¸çª’ã€‚	011	Outside it is not spacious, inside it is not obstructed.
['ZH_T47_1998A_011:0857b20_16']	æ˜¯ç¾©éè™›äº¦å¾©éå¯¦ã€‚	æ˜¯ç¾©éè™›äº¦å¾©éå¯¦ã€‚	011	This principle is neither false nor real.
['ZH_T47_1998A_011:0857b21_6']	ã€€ã€€è´ä¸­ä¸»äººå¦‚ç‰è™•çŸ³ã€‚	ã€€ã€€è´ä¸­ä¸»äººå¦‚ç‰è™•çŸ³ã€‚	011	The host of the hermitage is like jade amidst rocks.
['ZH_T47_1998A_011:0857b21_17']	ã€€ã€€ä½œå¦‚æ˜¯è§€åƒè¼‰ä¸€æ¯ã€‚	ã€€ã€€ä½œå¦‚æ˜¯è§€åƒè¼‰ä¸€æ¯ã€‚	011	Contemplating in this way, a thousand years in a single breath.
['ZH_T47_1998A_011:0857b23_5']	å–»éƒä¸­è§€æˆ‘è´å–»éƒä¸­è§€æˆ‘è´å­æ‰è¬ç‰©å‚™æ–¼æˆ‘ã€‚	å–»éƒä¸­è§€æˆ‘è´å–»éƒä¸­è§€æˆ‘è´å­æ‰è¬ç‰©å‚™æ–¼æˆ‘ã€‚	011	Yu Lang observes my hermitage, Yu Lang observes my hermitage, the myriad things are complete within me.
['ZH_T47_1998A_011:0857b23_13']	ã€€ã€€æˆ‘è§€å’æœªä¼‘ã€‚	ã€€ã€€æˆ‘è§€å’æœªä¼‘ã€‚	011	I contemplate without ever ceasing.
['ZH_T47_1998A_011:0857b23_21']	ã€€ã€€æ™ºè€…è¿”è§€æˆ‘ã€‚	ã€€ã€€æ™ºè€…è¿”è§€æˆ‘ã€‚	011	The wise one contemplates me.
['ZH_T47_1998A_011:0857b24_3']	ã€€ã€€ç¸±æ©«å¾—è‡ªç”±ã€‚	ã€€ã€€ç¸±æ©«å¾—è‡ªç”±ã€‚	011	Freely going in all directions.
['ZH_T47_1998A_011:0857b26_5']	é»ƒæ™ºé€šå±…å£«å–„ä½è´é»ƒæ™ºé€šå±…å£«å–„ä½è´å–„ä½è´ä¸­äººã€‚	é»ƒæ™ºé€šå±…å£«å–„ä½è´é»ƒæ™ºé€šå±…å£«å–„ä½è´å–„ä½è´ä¸­äººã€‚	011	Huang Zhitong, the Layman of Shanju, the Hermitage of Good Abiding, Huang Zhitong, the Layman of Shanju, the Hermitage of Good Abiding, the person in the Hermitage of Good Abiding.
['ZH_T47_1998A_011:0857b26_13']	ã€€ã€€å¾ä¾†ç„¡æ‰€ä½ã€‚	ã€€ã€€å¾ä¾†ç„¡æ‰€ä½ã€‚	011	From the beginning, there is nowhere to abide.
['ZH_T47_1998A_011:0857b26_21']	ã€€ã€€åªé€™ç„¡ä½å¿ƒã€‚	ã€€ã€€åªé€™ç„¡ä½å¿ƒã€‚	011	This very mind of non-abiding.
['ZH_T47_1998A_011:0857b27_3']	ã€€ã€€ä¾¿æ˜¯å®‰èº«è™•ã€‚	ã€€ã€€ä¾¿æ˜¯å®‰èº«è™•ã€‚	011	Is precisely the place to rest the body.
['ZH_T47_1998A_011:0857b29_7']	è¬ç´«å·–å±…å£«è¬ç´«å·–å±…å£«å¼µä¾éƒç´«å·–åˆ†æƒ å»ºè°¿èŒ—ã€‚	è¬ç´«å·–å±…å£«è¬ç´«å·–å±…å£«å¼µä¾éƒç´«å·–åˆ†æƒ å»ºè°¿èŒ—ã€‚	011	Xie Ziyuan, the Layman, Xie Ziyuan, the Layman, Zhang, the Minister, Ziyuan shares Jianxi tea.
['ZH_T47_1998A_011:0857b29_17']	ã€€ã€€å¦™å–œç­”ä»¥é’å·è¡«ã€‚	ã€€ã€€å¦™å–œç­”ä»¥é’å·è¡«ã€‚	011	Miaoxi responds with a Qingzhou robe.
['ZH_T47_1998A_011:0857c01_4']	ã€€ã€€å¾—äººä¸€ç‰›é‚„ä¸€é¦¬ã€‚	ã€€ã€€å¾—äººä¸€ç‰›é‚„ä¸€é¦¬ã€‚	011	Receiving a cow from someone, one returns a horse.
['ZH_T47_1998A_011:0857c01_12']	å‰ä¸‰ä¸‰èˆ‡å¾Œä¸‰ä¸‰ã€‚	å‰ä¸‰ä¸‰èˆ‡å¾Œä¸‰ä¸‰ã€‚	011	The first three threes and the latter three threes.
['ZH_T47_1998A_011:0857c03_7']	ç­”åŠ‰å®‰æ’«ç­”åŠ‰å®‰æ’«æ–¹æ˜æ¯›éŒå­ä¸Šé€šæ¶ˆæ¯ã€‚	ç­”åŠ‰å®‰æ’«ç­”åŠ‰å®‰æ’«æ–¹æ˜æ¯›éŒå­ä¸Šé€šæ¶ˆæ¯ã€‚	011	Replying to Liu, the Pacification Commissioner, replying to Liu, the Pacification Commissioner, Fang Ming Mao Qi's tip-off.
['ZH_T47_1998A_011:0857c03_17']	ã€€ã€€çˆ­ä¼¼äº¡è¨€çµ•è¦‹çŸ¥ã€‚	ã€€ã€€çˆ­ä¼¼äº¡è¨€çµ•è¦‹çŸ¥ã€‚	011	How can it compare to the extinction of words and the severance of knowledge?
['ZH_T47_1998A_011:0857c04_4']	ã€€ã€€å¾Œå¤œä¸€è¼ªç©ºç•Œæœˆã€‚	ã€€ã€€å¾Œå¤œä¸€è¼ªç©ºç•Œæœˆã€‚	011	The bright moon in the sky at late night.
['ZH_T47_1998A_011:0857c04_12']	æ¸…å…‰åƒé‡Œå…±ä¾ä¾ã€‚	æ¸…å…‰åƒé‡Œå…±ä¾ä¾ã€‚	011	The clear light extends for a thousand miles, relying on each other.
['ZH_T47_1998A_011:0857c06_7']	å¯„ç„¡å¢å±…å£«å¯„ç„¡å¢å±…å£«å¼µä¾éƒä¸Šè‹‘ç‰æ± æ–¹è§£å‡ã€‚	å¯„ç„¡å¢å±…å£«å¯„ç„¡å¢å±…å£«å¼µä¾éƒä¸Šè‹‘ç‰æ± æ–¹è§£å‡ã€‚	011	Sent to Layman Wugou Sent to Layman Wugou Zhang, the Chamberlain. The jade pond in the imperial garden has just thawed.
['ZH_T47_1998A_011:0857c06_17']	ã€€ã€€äººé–“æ¥ŠæŸ³åˆå‚æ˜¥ã€‚	ã€€ã€€äººé–“æ¥ŠæŸ³åˆå‚æ˜¥ã€‚	011	The human world's willow trees again hang down in spring.
['ZH_T47_1998A_011:0857c07_4']	ã€€ã€€å±±å ‚ç›¡æ—¥ç„šé¦™åã€‚	ã€€ã€€å±±å ‚ç›¡æ—¥ç„šé¦™åã€‚	011	In the mountain hall, I sit all day burning incense.
['ZH_T47_1998A_011:0857c07_12']	é•·æ†¶æ¯˜è€¶å¤šå£äººã€‚	é•·æ†¶æ¯˜è€¶å¤šå£äººã€‚	011	I long for the many-mouthed person of VaidehÄ«.
['ZH_T47_1998A_011:0857c09_7']	ç¤ºæ±ªå±…å£«ç¤ºæ±ªå±…å£«å—åŸä¸€æ¯›é ­ä¸Šç„¡é‚Šå‰ã€‚	ç¤ºæ±ªå±…å£«ç¤ºæ±ªå±…å£«å—åŸä¸€æ¯›é ­ä¸Šç„¡é‚Šå‰ã€‚	011	Indicating to Layman Wang Indicating to Layman Wang Nansou, on the tip of a single hair is the boundless realm.
['ZH_T47_1998A_011:0857c09_17']	ã€€ã€€æ±ºå®šè­˜æƒ…é›£æ¸¬é‡ã€‚	ã€€ã€€æ±ºå®šè­˜æƒ…é›£æ¸¬é‡ã€‚	011	It is certain that conceptual consciousness cannot fathom it.
['ZH_T47_1998A_011:0857c10_4']	ã€€ã€€ç›´ä¸‹ä¸ç”Ÿé‚ªéšªè¦‹ã€‚	ã€€ã€€ç›´ä¸‹ä¸ç”Ÿé‚ªéšªè¦‹ã€‚	011	Directly do not give rise to biased and dangerous views.
['ZH_T47_1998A_011:0857c10_12']	å£ºä¸­æ—¥æœˆè‡ªç„¶é•·ã€‚	å£ºä¸­æ—¥æœˆè‡ªç„¶é•·ã€‚	011	The sun and moon in the gourd naturally last long.
['ZH_T47_1998A_011:0857c12_8']	ç¤ºå‘¨å­å……å¯«è¯åš´ç¶“ç¤ºå‘¨å­å……å¯«è¯åš´ç¶“ç¸½åˆ¥åŒç•°æˆå£è¡Œå¸ƒã€‚	ç¤ºå‘¨å­å……å¯«è¯åš´ç¶“ç¤ºå‘¨å­å……å¯«è¯åš´ç¶“ç¸½åˆ¥åŒç•°æˆå£è¡Œå¸ƒã€‚	011	Indicating to Zhou Zichong to Copy the Flower Ornament Sutra Indicating to Zhou Zichong to Copy the Flower Ornament Sutra The same and different, forming and destroying, are arranged in the general and specific.
['ZH_T47_1998A_011:0857c12_19']	ã€€ã€€åœ“èç„¡ç¤™å¡µå…¥çœ¾å‰ã€‚	ã€€ã€€åœ“èç„¡ç¤™å¡µå…¥çœ¾å‰ã€‚	011	The unobstructed interpenetration of the round and the inclusive enters the myriad realms without dust.
['ZH_T47_1998A_011:0857c13_7']	ã€€ã€€éå¯¬å‰å…¥çœ¾å¡µééš˜ã€‚	ã€€ã€€éå¯¬å‰å…¥çœ¾å¡µééš˜ã€‚	011	The realms are not wide, and the dust does not enter the myriad realms.
['ZH_T47_1998A_011:0857c13_16']	å±…å£«ç­†ç«¯å®£æš¢æœæµ·ã€‚	å±…å£«ç­†ç«¯å®£æš¢æœæµ·ã€‚	011	The layman's brush tip proclaims the ocean of fruition.
['ZH_T47_1998A_011:0857c14_6']	ã€€ã€€å› æºè‡ªåœ¨æˆ‘ä»Šèªªåˆã€‚	ã€€ã€€å› æºè‡ªåœ¨æˆ‘ä»Šèªªåˆã€‚	011	The source of causes is self-existent. I now speak a verse.
['ZH_T47_1998A_011:0857c14_17']	ã€€ã€€è®šæšåŒè­‰ä¸€çœŸæ³•ç•Œã€‚	ã€€ã€€è®šæšåŒè­‰ä¸€çœŸæ³•ç•Œã€‚	011	Praising the same realization of the one true Dharma realm.
['ZH_T47_1998A_011:0857c16_7']	ç¤ºäº†ç„¶å±…å£«ç¤ºäº†ç„¶å±…å£«èˆ‰ä¹‹é•·æ¨‚æ²™å‘é„­äº†ç„¶ã€‚	ç¤ºäº†ç„¶å±…å£«ç¤ºäº†ç„¶å±…å£«èˆ‰ä¹‹é•·æ¨‚æ²™å‘é„­äº†ç„¶ã€‚	011	Showing to Layman Liuranzhi Showing to Layman Liuranzhi, raised by Chang Le Sha Keng Zheng Liuranzhi.
['ZH_T47_1998A_011:0857c16_17']	ã€€ã€€ä¸ä¾æœ¬åˆ†è¦åƒç¦ªã€‚	ã€€ã€€ä¸ä¾æœ¬åˆ†è¦åƒç¦ªã€‚	011	Not relying on one's original lot, one wants to practice Chan.
['ZH_T47_1998A_011:0857c17_4']	ã€€ã€€è‡ªè¨€å·²åˆ°ç„¡åƒè™•ã€‚	ã€€ã€€è‡ªè¨€å·²åˆ°ç„¡åƒè™•ã€‚	011	One says oneself has already reached the place of no practice.
['ZH_T47_1998A_011:0857c17_12']	å“¥ç¾…ç®¡çˆ¾ç±³ç–†å¹´ã€‚	å“¥ç¾…ç®¡çˆ¾ç±³ç–†å¹´ã€‚	011	I don't care about your rice field years.
['ZH_T47_1998A_011:0857c19_7']	ç¤ºéŸ“ä»¤äººç¤ºéŸ“ä»¤äººå­è’¼å®…èªªä¸åˆ°è™•è‘—ä¸€å¥ã€‚	ç¤ºéŸ“ä»¤äººç¤ºéŸ“ä»¤äººå­è’¼å®…èªªä¸åˆ°è™•è‘—ä¸€å¥ã€‚	011	Showing to Han Li Ren Showing to Han Li Ren, Zi Cang, where words cannot reach, add a line.
['ZH_T47_1998A_011:0857c19_17']	ã€€ã€€é¢¨å‰æˆªæ–·åƒå·®è·¯ã€‚	ã€€ã€€é¢¨å‰æˆªæ–·åƒå·®è·¯ã€‚	011	In front of the wind, cut off the path of a thousand differences.
['ZH_T47_1998A_011:0857c20_4']	ã€€ã€€è¶…ä½›è¶Šç¥–åªå¦‚ä»Šã€‚	ã€€ã€€è¶…ä½›è¶Šç¥–åªå¦‚ä»Šã€‚	011	Surpassing Buddhas and Patriarchs is just now.
['ZH_T47_1998A_011:0857c20_12']	å£ç«‹è¬ä»ç„¡å›äº’ã€‚	å£ç«‹è¬ä»ç„¡å›äº’ã€‚	011	Standing like a wall ten thousand fathoms high, with no concession.
['ZH_T47_1998A_011:0857c22_7']	ç¤ºå¤§æ‚²é•·è€ç¤ºå¤§æ‚²é•·è€ä¸€æ£’æ‰“ç ´ç”Ÿæ­»çªŸã€‚	ç¤ºå¤§æ‚²é•·è€ç¤ºå¤§æ‚²é•·è€ä¸€æ£’æ‰“ç ´ç”Ÿæ­»çªŸã€‚	011	Showing to the Elder of Great Compassion Showing to the Elder of Great Compassion, with one stick, break open the cave of birth and death.
['ZH_T47_1998A_011:0857c22_17']	ã€€ã€€ç•¶æ™‚å‡¡è–çµ•è¡Œè¹¤ã€‚	ã€€ã€€ç•¶æ™‚å‡¡è–çµ•è¡Œè¹¤ã€‚	011	At that time, sages and ordinary people cut off traces.
['ZH_T47_1998A_011:0857c23_4']	ã€€ã€€è¿”ç¬‘è¶™å·å¿ƒä¸æ­‡ã€‚	ã€€ã€€è¿”ç¬‘è¶™å·å¿ƒä¸æ­‡ã€‚	011	Laughing back at Zhao Zhou, whose mind does not rest.
['ZH_T47_1998A_011:0857c23_12']	è€ä¾†çŒ¶è‡ªèµ°è¥¿æ±ã€‚	è€ä¾†çŒ¶è‡ªèµ°è¥¿æ±ã€‚	011	Even in old age, he still runs around the west and east.
['ZH_T47_1998A_011:0857c25_6']	ç¤ºç¥¥é›²æ‡¿é•·è€ç¤ºç¥¥é›²æ‡¿é•·è€å¥ªå´è¡²åƒ§æ‹„æ–ã€‚	ç¤ºç¥¥é›²æ‡¿é•·è€ç¤ºç¥¥é›²æ‡¿é•·è€å¥ªå´è¡²åƒ§æ‹„æ–ã€‚	011	Showing to the Elder of Xiangyun Yi Showing to the Elder of Xiangyun Yi, snatch away the Chan monk's staff.
['ZH_T47_1998A_011:0857c25_15']	ã€€ã€€ç•¶ä¸‹ä¾¿ç„¡ä¼å€†ã€‚	ã€€ã€€ç•¶ä¸‹ä¾¿ç„¡ä¼å€†ã€‚	011	At that moment, there is no more skill.
['ZH_T47_1998A_011:0857c26_2']	ã€€ã€€å–ä¸‹éµçœ¼å¿½é–‹ç›´ã€‚	ã€€ã€€å–ä¸‹éµçœ¼å¿½é–‹ç›´ã€‚	011	Under the shout, the iron eyes suddenly open straight.
['ZH_T47_1998A_011:0857c26_8']	æ“šåƒå³¯é ‚ä¸Šã€‚	æ“šåƒå³¯é ‚ä¸Šã€‚	011	Occupy the peak of a thousand peaks.
['ZH_T47_1998A_011:0857c28_7']	ç¤ºé¼éœ€ç¦ªäººç¤ºé¼éœ€ç¦ªäººé¢é–€è±äºæ‘©é†¯çœ¼ã€‚	ç¤ºé¼éœ€ç¦ªäººç¤ºé¼éœ€ç¦ªäººé¢é–€è±äºæ‘©é†¯çœ¼ã€‚	011	Showing to Chan Practitioner Ding Xu Showing to Chan Practitioner Ding Xu: The eye of MaheÅ›vara is raised on the face.
['ZH_T47_1998A_011:0857c28_17']	ã€€ã€€è‚˜å¾Œæ–œæ‡¸å¥ªå‘½ç¬¦ã€‚	ã€€ã€€è‚˜å¾Œæ–œæ‡¸å¥ªå‘½ç¬¦ã€‚	011	The talisman that snatches life hangs obliquely from the elbow.
['ZH_T47_1998A_011:0857c29_3']	ã€€ã€€çå´çœ¼è§£å´ç¬¦ã€‚	ã€€ã€€çå´çœ¼è§£å´ç¬¦ã€‚	011	Blind the eyes and untie the talisman.
['ZH_T47_1998A_011:0857c29_11']	è¶™å·æ±å£æ›è‘«è˜†ã€‚	è¶™å·æ±å£æ›è‘«è˜†ã€‚	011	Zhao Zhou hangs a gourd on the east wall.
['ZH_T47_1998A_011:0858a02_7']	ç¤ºå½Œå…‰ç¦ªäººç¤ºå½Œå…‰ç¦ªäººé¾œæ¯›æ‹ˆå¾—ç¬‘å’å’ã€‚	ç¤ºå½Œå…‰ç¦ªäººç¤ºå½Œå…‰ç¦ªäººé¾œæ¯›æ‹ˆå¾—ç¬‘å’å’ã€‚	011	Showing to Chan Practitioner Mi Guang Showing to Chan Practitioner Mi Guang: The laughter of grasping the rabbit fur is heard.
['ZH_T47_1998A_011:0858a02_17']	ã€€ã€€ä¸€æ“Šè¬é‡é—œé–é–‹ã€‚	ã€€ã€€ä¸€æ“Šè¬é‡é—œé–é–‹ã€‚	011	With one strike, the myriad heavy locks are opened.
['ZH_T47_1998A_011:0858a03_4']	ã€€ã€€æ…¶å¿«å¹³ç”Ÿåœ¨ä»Šæ—¥ã€‚	ã€€ã€€æ…¶å¿«å¹³ç”Ÿåœ¨ä»Šæ—¥ã€‚	011	The joy of a lifetime is in this present day.
['ZH_T47_1998A_011:0858a03_12']	å­°äº‘åƒé‡Œè³ºå¾ä¾†ã€‚	å­°äº‘åƒé‡Œè³ºå¾ä¾†ã€‚	011	Who says a thousand miles has wasted my coming?
['ZH_T47_1998A_011:0858a05_7']	ç¤ºç¥–å…ƒç¦ªäººç¤ºç¥–å…ƒç¦ªäººè¬ä»å´–é ­è§£æ”¾èº«ã€‚	ç¤ºç¥–å…ƒç¦ªäººç¤ºç¥–å…ƒç¦ªäººè¬ä»å´–é ­è§£æ”¾èº«ã€‚	011	Showing to Chan Practitioner Zu Yuan Showing to Chan Practitioner Zu Yuan: On the peak of a thousand fathoms, let go of the body.
['ZH_T47_1998A_011:0858a05_17']	ã€€ã€€èµ·ä¾†ä¾èˆŠå´æƒºæƒºã€‚	ã€€ã€€èµ·ä¾†ä¾èˆŠå´æƒºæƒºã€‚	011	Rising up, still relying on the old clarity.
['ZH_T47_1998A_011:0858a06_4']	ã€€ã€€é£¢é¤æ¸´é£²æ¸¾ç„¡äº‹ã€‚	ã€€ã€€é£¢é¤æ¸´é£²æ¸¾ç„¡äº‹ã€‚	011	Hungry, eating, thirsty, drinking, completely without affairs.
['ZH_T47_1998A_011:0858a06_12']	é‚£è«–æ˜”äººéæ˜”äººã€‚	é‚£è«–æ˜”äººéæ˜”äººã€‚	011	Who cares about the person of the past or not being the person of the past?
['ZH_T47_1998A_011:0858a08_7']	ç¤ºéµç’ç¦ªäººç¤ºéµç’ç¦ªäººä¸€å£åç›¡ä¸‰ä¸–ä½›ã€‚	ç¤ºéµç’ç¦ªäººç¤ºéµç’ç¦ªäººä¸€å£åç›¡ä¸‰ä¸–ä½›ã€‚	011	Showing to Chan Practitioner Zun Pu Showing to Chan Practitioner Zun Pu: In one mouthful, swallow the three worlds' buddhas.
['ZH_T47_1998A_011:0858a08_17']	ã€€ã€€æ­£æ˜¯å¾å®¶å®¢ä½œå…’ã€‚	ã€€ã€€æ­£æ˜¯å¾å®¶å®¢ä½œå…’ã€‚	011	This is just the hired worker of our family.
['ZH_T47_1998A_011:0858a09_4']	ã€€ã€€çˆ­ä¼¼ç’ç¦ªç„¡ç”¨è™•ã€‚	ã€€ã€€çˆ­ä¼¼ç’ç¦ªç„¡ç”¨è™•ã€‚	011	How is it different from Chan Practitioner Pu's uselessness?
['ZH_T47_1998A_011:0858a09_12']	ä¸€æ¯›é ­ä¸Šä¾¿å¿˜æ©Ÿã€‚	ä¸€æ¯›é ­ä¸Šä¾¿å¿˜æ©Ÿã€‚	011	On the tip of a single hair, one forgets contrivance.
['ZH_T47_1998A_011:0858a11_5']	ç¤ºæ³•æ³‰ä¾è€…ç¤ºæ³•æ³‰ä¾è€…è¨€å‰è¶…ä½›ç¥–ã€‚	ç¤ºæ³•æ³‰ä¾è€…ç¤ºæ³•æ³‰ä¾è€…è¨€å‰è¶…ä½›ç¥–ã€‚	011	Showing to Attendant Dharma Spring Showing to Attendant Dharma Spring: Before words, surpassing buddhas and patriarchs.
['ZH_T47_1998A_011:0858a11_13']	ã€€ã€€æ—¥è¼ªæ­£ç•¶åˆã€‚	ã€€ã€€æ—¥è¼ªæ­£ç•¶åˆã€‚	011	The sun is right at noon.
['ZH_T47_1998A_011:0858a11_21']	ã€€ã€€è±é–‹ä¸‰è¦é—œã€‚	ã€€ã€€è±é–‹ä¸‰è¦é—œã€‚	011	Open wide the three essential gates.
['ZH_T47_1998A_011:0858a12_3']	ã€€ã€€ä¸€æ“Šå¡—æ¯’é¼“ã€‚	ã€€ã€€ä¸€æ“Šå¡—æ¯’é¼“ã€‚	011	With one strike, the poisonous drum is beaten.
['ZH_T47_1998A_011:0858a12_9']	æ—¢ç™¼ä¸Šé ­æ©Ÿã€‚	æ—¢ç™¼ä¸Šé ­æ©Ÿã€‚	011	Having already set off the ultimate mechanism,
['ZH_T47_1998A_011:0858a12_17']	ã€€ã€€è«å•åƒéˆå¼©ã€‚	ã€€ã€€è«å•åƒéˆå¼©ã€‚	011	Do not ask about the thousand-jin crossbow.
['ZH_T47_1998A_011:0858a13_1']	ã€€ã€€æ”¾å»çµ•é®æ””ã€‚	ã€€ã€€æ”¾å»çµ•é®æ””ã€‚	011	Let go, completely unrestrained.
['ZH_T47_1998A_011:0858a13_7']	æ‘èšéå›äº’ã€‚	æ‘èšéå›äº’ã€‚	011	When clenched, not to be evaded.
['ZH_T47_1998A_011:0858a13_15']	ã€€ã€€å’„å“‰è€ç¿æ›‡ã€‚	ã€€ã€€å’„å“‰è€ç¿æ›‡ã€‚	011	Alas, the old Gautama!
['ZH_T47_1998A_011:0858a13_23']	ã€€ã€€ä½ä½ä½ä½ä½ã€‚	ã€€ã€€ä½ä½ä½ä½ä½ã€‚	011	Stop, stop, stop, stop, stop.
['ZH_T47_1998A_011:0858a15_7']	ç¤ºç”¨ç¦ªäººç¤ºç”¨ç¦ªäººæœªé»å…ˆè¡Œä¸å”§ğ º•ã€‚	ç¤ºç”¨ç¦ªäººç¤ºç”¨ç¦ªäººæœªé»å…ˆè¡Œä¸å”§ğ º•ã€‚	011	Showing to Chan Practitioner Shiyong: Chan Practitioner Shiyong has not yet applied the ink, yet proceeds without hesitation.
['ZH_T47_1998A_011:0858a15_17']	ã€€ã€€ä¸æ’¥è‡ªè½‰å·²å‡ºé†œã€‚	ã€€ã€€ä¸æ’¥è‡ªè½‰å·²å‡ºé†œã€‚	011	Not stirred, yet turning by itself, already showing embarrassment.
['ZH_T47_1998A_011:0858a16_4']	ã€€ã€€é‚£å ªæ›´é¼“å…©ç‰‡çš®ã€‚	ã€€ã€€é‚£å ªæ›´é¼“å…©ç‰‡çš®ã€‚	011	How much more so to beat the two pieces of skin?
['ZH_T47_1998A_011:0858a16_12']	è±ˆæ­¢é‘¿ç©ºé–‹æˆ¶ç‰–ã€‚	è±ˆæ­¢é‘¿ç©ºé–‹æˆ¶ç‰–ã€‚	011	Not only is the empty sky being chiseled to open windows and doors.
['ZH_T47_1998A_011:0858a17_1']	ã€€ã€€ç«ä¸­æœ¨é¦¬ç©ºå˜¶é³´ã€‚	ã€€ã€€ç«ä¸­æœ¨é¦¬ç©ºå˜¶é³´ã€‚	011	The wooden horse neighs in vain in the fire.
['ZH_T47_1998A_011:0858a17_9']	æ°´åº•æ³¥ç‰›è¬¾å“®å¼ã€‚	æ°´åº•æ³¥ç‰›è¬¾å“®å¼ã€‚	011	The mud ox howls in vain under the water.
['ZH_T47_1998A_011:0858a17_19']	ã€€ã€€ç”¨ç¦ªç”¨ç¦ªè½æˆ‘è¨€ã€‚	ã€€ã€€ç”¨ç¦ªç”¨ç¦ªè½æˆ‘è¨€ã€‚	011	Shiyong, Shiyong, listen to my words.
['ZH_T47_1998A_011:0858a18_5']	ã€€ã€€æ‹¶åˆ°æ‡¸å´–é ˆæ”¾æ‰‹ã€‚	ã€€ã€€æ‹¶åˆ°æ‡¸å´–é ˆæ”¾æ‰‹ã€‚	011	Pushed to the edge of a cliff, one must let go.
['ZH_T47_1998A_011:0858a20_8']	é€ç›´ç¦ªäººé€ç›´ç¦ªäººç›´å‡ºç›´å…¥ç›´è¡Œç›´åã€‚	é€ç›´ç¦ªäººé€ç›´ç¦ªäººç›´å‡ºç›´å…¥ç›´è¡Œç›´åã€‚	011	Sending Chan Practitioner Zhi: Chan Practitioner Zhi directly comes out, directly enters, directly walks, directly sits.
['ZH_T47_1998A_011:0858a20_19']	ã€€ã€€ç›´ç¦ªä¸Šäººç›´é ˆæéº¼ã€‚	ã€€ã€€ç›´ç¦ªä¸Šäººç›´é ˆæéº¼ã€‚	011	The upright Chan practitioner must be so.
['ZH_T47_1998A_011:0858a21_7']	ã€€ã€€æœ¬è‡ªåœ“æˆä¸ç«‹åŠŸèª²ã€‚	ã€€ã€€æœ¬è‡ªåœ“æˆä¸ç«‹åŠŸèª²ã€‚	011	Originally self-perfected, not establishing practice.
['ZH_T47_1998A_011:0858a21_16']	é£¢ä¾†å–«é£¯å¯’ä¾†å‘ç«ã€‚	é£¢ä¾†å–«é£¯å¯’ä¾†å‘ç«ã€‚	011	When hungry, eat; when cold, go to the fire.
['ZH_T47_1998A_011:0858a22_6']	ã€€ã€€ä¸åœ¨ç¿æ›‡éå¹²é”ç£¨ã€‚	ã€€ã€€ä¸åœ¨ç¿æ›‡éå¹²é”ç£¨ã€‚	011	Not in Gautama, not in Bodhidharma.
['ZH_T47_1998A_011:0858a22_15']	æ“¬å¿ƒæ€é‡è¿”é­æ®ƒç¦ã€‚	æ“¬å¿ƒæ€é‡è¿”é­æ®ƒç¦ã€‚	011	If you try to think about it, you'll only bring disaster upon yourself.
['ZH_T47_1998A_011:0858a23_5']	ã€€ã€€æˆ‘èªªæ˜¯è¨€å·²æ‹›å£éã€‚	ã€€ã€€æˆ‘èªªæ˜¯è¨€å·²æ‹›å£éã€‚	011	I say this and already invite verbal faults.
['ZH_T47_1998A_011:0858a23_14']	æ˜çœ¼äººå‰ä¸€å ´è©±å¢®ã€‚	æ˜çœ¼äººå‰ä¸€å ´è©±å¢®ã€‚	011	In the presence of one with clear eyes, it's a case of falling into a pit.
['ZH_T47_1998A_011:0858a24_4']	ã€€ã€€è«‹äº‹æ–¯èªç„¡å¿˜éª¨å‰‰ã€‚	ã€€ã€€è«‹äº‹æ–¯èªç„¡å¿˜éª¨å‰‰ã€‚	011	Please take this to heart and never forget the bone-chilling fear.
['ZH_T47_1998A_011:0858a26_6']	é€æ³•è¼ªæ€è—ä¸»åŒ–é¾é€æ³•è¼ªæ€è—ä¸»åŒ–é¾è¦†ç‚ºé¾ä»°ç‚ºé¼ã€‚	é€æ³•è¼ªæ€è—ä¸»åŒ–é¾é€æ³•è¼ªæ€è—ä¸»åŒ–é¾è¦†ç‚ºé¾ä»°ç‚ºé¼ã€‚	011	Sending Dharma Wheel Si, the Head Librarian, to Raise Funds for Casting a Bell Sending Dharma Wheel Si, the Head Librarian, to Raise Funds for Casting a Bell, Covering the Bell and Looking Up to Make a Tripod.
['ZH_T47_1998A_011:0858a26_15']	ã€€ã€€è‡ªæ˜¯æ³•è¼ªå®¶é¢¨ã€‚	ã€€ã€€è‡ªæ˜¯æ³•è¼ªå®¶é¢¨ã€‚	011	This is the style of the Dharma Wheel.
['ZH_T47_1998A_011:0858a27_1']	ã€€ã€€å¦™å–œçˆ­æ•¢é¦³é¨ã€‚	ã€€ã€€å¦™å–œçˆ­æ•¢é¦³é¨ã€‚	011	How dare I, Miaoxi, run wild?
['ZH_T47_1998A_011:0858a27_8']	æ€ç¦ªäººå›ºç›¸è«‹ã€‚	æ€ç¦ªäººå›ºç›¸è«‹ã€‚	011	Si, the Chan monk, firmly invited me.
['ZH_T47_1998A_011:0858a27_18']	ã€€ã€€æ´æ¯«è‡¨ç´™å¿½çŒ›çœã€‚	ã€€ã€€æ´æ¯«è‡¨ç´™å¿½çŒ›çœã€‚	011	When I took up the brush and paper, I suddenly had a great realization.
['ZH_T47_1998A_011:0858a28_4']	ã€€ã€€ä¸€è²ç›´é€é ˆå½Œé ‚ã€‚	ã€€ã€€ä¸€è²ç›´é€é ˆå½Œé ‚ã€‚	011	One sound directly penetrates the peak of Mount Sumeru.
['ZH_T47_1998A_011:0858b01_7']	é€è¶…åƒ§é‘‘é€è¶…åƒ§é‘‘æ¡¶åº•è„«æ™‚å¤§åœ°é—Šã€‚	é€è¶…åƒ§é‘‘é€è¶…åƒ§é‘‘æ¡¶åº•è„«æ™‚å¤§åœ°é—Šã€‚	011	Sending Chao, the Monk Mirror, to Raise Funds for Casting a Bell When the bottom of the bucket is removed, the earth is vast.
['ZH_T47_1998A_011:0858b01_17']	ã€€ã€€å‘½æ ¹æ–·è™•ç¢§æ½­æ¸…ã€‚	ã€€ã€€å‘½æ ¹æ–·è™•ç¢§æ½­æ¸…ã€‚	011	When the life root is severed, the blue pool is clear.
['ZH_T47_1998A_011:0858b02_4']	ã€€ã€€å¥½å°‡ä¸€é»ç´…çˆé›ªã€‚	ã€€ã€€å¥½å°‡ä¸€é»ç´…çˆé›ªã€‚	011	Take a single point of snow on a red stove
['ZH_T47_1998A_011:0858b02_12']	æ•£ä½œäººé–“ç…§å¤œç‡ˆã€‚	æ•£ä½œäººé–“ç…§å¤œç‡ˆã€‚	011	And scatter it as a lamp for people to illuminate the night.
['ZH_T47_1998A_011:0858b04_7']	å¯„ç¦å‹é•·è€å¯„ç¦å‹é•·è€çœŸäººåå…«ç•Œå…ƒç©ºã€‚	å¯„ç¦å‹é•·è€å¯„ç¦å‹é•·è€çœŸäººåå…«ç•Œå…ƒç©ºã€‚	011	Sending a Letter to Abbot Fu Sheng The eighteen realms of the true person are originally empty.
['ZH_T47_1998A_011:0858b04_17']	ã€€ã€€ä¸‰åä¸€äººåŒå§“å‘‚ã€‚	ã€€ã€€ä¸‰åä¸€äººåŒå§“å‘‚ã€‚	011	Thirty-one people with the same surname LÃ¼.
['ZH_T47_1998A_011:0858b05_4']	ã€€ã€€åˆ†æ•£æ¸¸å±±å„å å±±ã€‚	ã€€ã€€åˆ†æ•£æ¸¸å±±å„å å±±ã€‚	011	Scattered and wandering in the mountains, each occupying a mountain.
['ZH_T47_1998A_011:0858b05_12']	ä¸‰åä¸€äººåˆåŒè™•ã€‚	ä¸‰åä¸€äººåˆåŒè™•ã€‚	011	Thirty-one people also staying together.
['ZH_T47_1998A_011:0858b07_7']	å¯„æ­¸å®—è¯å§ªç¦ªå¸«å¯„æ­¸å®—è¯å§ªç¦ªå¸«åæ–·é‡‘è¼ªç¬¬ä¸€å³¯ã€‚	å¯„æ­¸å®—è¯å§ªç¦ªå¸«å¯„æ­¸å®—è¯å§ªç¦ªå¸«åæ–·é‡‘è¼ªç¬¬ä¸€å³¯ã€‚	011	Sent to Chan Master Huazhi of Guizong: Sitting in the first peak of the golden wheel,
['ZH_T47_1998A_011:0858b07_17']	ã€€ã€€åƒå¦–ç™¾æ€ªè‡ªæ½›è¹¤ã€‚	ã€€ã€€åƒå¦–ç™¾æ€ªè‡ªæ½›è¹¤ã€‚	011	A thousand demons and a hundred monsters hide their tracks.
['ZH_T47_1998A_011:0858b08_4']	ã€€ã€€å¹´ä¾†åˆå¾—çœŸæ¶ˆæ¯ã€‚	ã€€ã€€å¹´ä¾†åˆå¾—çœŸæ¶ˆæ¯ã€‚	011	In recent years, I have obtained true news,
['ZH_T47_1998A_011:0858b08_12']	èªªé“æ¥Šå²æ­£è„ˆé€šã€‚	èªªé“æ¥Šå²æ­£è„ˆé€šã€‚	011	Saying that the true lineage of Yangqi is transmitted.
['ZH_T47_1998A_011:0858b10_7']	é€äº†æ˜é•·è€æ­¸é•·è˜†é€äº†æ˜é•·è€æ­¸é•·è˜†äººè¨€æ£’é ­å‡ºå­å­ã€‚	é€äº†æ˜é•·è€æ­¸é•·è˜†é€äº†æ˜é•·è€æ­¸é•·è˜†äººè¨€æ£’é ­å‡ºå­å­ã€‚	011	Seeing Off Chan Master Ming Returning to Changlu: People say that filial sons come from the head of the staff,
['ZH_T47_1998A_011:0858b10_17']	ã€€ã€€æˆ‘é“æ†å…’ä¸è¦ºé†œã€‚	ã€€ã€€æˆ‘é“æ†å…’ä¸è¦ºé†œã€‚	011	I say that out of love for one's child, one is not aware of their ugliness.
['ZH_T47_1998A_011:0858b11_4']	ã€€ã€€é•·è˜†é•·è€æéº¼ä¾†ã€‚	ã€€ã€€é•·è˜†é•·è€æéº¼ä¾†ã€‚	011	The Chan master of Changlu comes like this,
['ZH_T47_1998A_011:0858b11_12']	å¦™å–œç©ºè²»ä¸€å¼µå£ã€‚	å¦™å–œç©ºè²»ä¸€å¼µå£ã€‚	011	Zhizhao vainly expends a mouth.
['ZH_T47_1998A_011:0858b12_1']	ã€€ã€€å¾æ•™å››æµ·å¦„æµå‚³ã€‚	ã€€ã€€å¾æ•™å››æµ·å¦„æµå‚³ã€‚	011	Let it be falsely transmitted throughout the four seas,
['ZH_T47_1998A_011:0858b12_9']	é‡å¹²èƒ½ä½œå¸«å­å¼ã€‚	é‡å¹²èƒ½ä½œå¸«å­å¼ã€‚	011	A wild fox can make the lion's roar.
['ZH_T47_1998A_011:0858b12_19']	ã€€ã€€å­°äº‘ç„¡ç‰©è´ˆä¼Šè¡Œã€‚	ã€€ã€€å­°äº‘ç„¡ç‰©è´ˆä¼Šè¡Œã€‚	011	Who says there is nothing to give him as he goes?
['ZH_T47_1998A_011:0858b13_5']	ã€€ã€€å–ä¸‹éµåœå±±å€’èµ°ã€‚	ã€€ã€€å–ä¸‹éµåœå±±å€’èµ°ã€‚	011	Under the shout, the Iron Ring Mountain runs away.ğŸ”½Here is the corrected and aligned text:
['ZH_T47_1998A_011:0858b14_100']	å¤§æ…§æ™®è¦ºç¦ªå¸«åˆé Œå·ç¬¬åä¸€	å¤§æ…§æ™®è¦ºç¦ªå¸«åˆé Œå·ç¬¬åä¸€	011	The Verses of Chan Master Dahui Pujue, Scroll 11
