segmentnr	original	folio	stemmed
ZH_T47_1998A_028:0930a09_0	大慧普覺禪師書卷第二十八	028	大 慧 普 覺 禪 師 書 卷 第 二 十 八 
ZH_T47_1998A_028:0930a11_0	宋徑山能仁禪院住持嗣法	028	宋 徑 山 能 仁 禪 院 住 持 嗣 法 
ZH_T47_1998A_028:0930a12_0	慧日禪師臣蘊聞　上進	028	慧 日 禪 師 臣 蘊 聞  上 進 
ZH_T47_1998A_028:0930a14_4	答呂舍人答呂舍人居仁千疑萬疑。	028	答 呂 舍 人 答 呂 舍 人 居 仁 千 疑 萬 疑  
ZH_T47_1998A_028:0930a14_9	只是一疑。	028	只 是 一 疑  
ZH_T47_1998A_028:0930a14_15	話頭上疑破。	028	話 頭 上 疑 破  
ZH_T47_1998A_028:0930a15_4	則千疑萬疑一時破。	028	則 千 疑 萬 疑 一 時 破  
ZH_T47_1998A_028:0930a15_9	話頭不破。	028	話 頭 不 破  
ZH_T47_1998A_028:0930a15_19	則且就上面與之廝崖。	028	則 且 就 上 面 與 之 廝 崖  
ZH_T47_1998A_028:0930a16_5	若棄了話頭。	028	若 棄 了 話 頭  
ZH_T47_1998A_028:0930a16_14	却去別文字上起疑。	028	却 去 別 文 字 上 起 疑  
ZH_T47_1998A_028:0930a17_1	經教上起疑。	028	經 教 上 起 疑  
ZH_T47_1998A_028:0930a17_9	古人公案上起疑。	028	古 人 公 案 上 起 疑  
ZH_T47_1998A_028:0930a17_17	日用塵勞中起疑。	028	日 用 塵 勞 中 起 疑  
ZH_T47_1998A_028:0930a18_4	皆是邪魔眷屬。	028	皆 是 邪 魔 眷 屬  
ZH_T47_1998A_028:0930a18_15	第一不得向舉起處承當。	028	第 一 不 得 向 舉 起 處 承 當  
ZH_T47_1998A_028:0930a19_4	又不得思量卜度。	028	又 不 得 思 量 卜 度  
ZH_T47_1998A_028:0930a19_16	但著意就不可思量處思量。	028	但 著 意 就 不 可 思 量 處 思 量  
ZH_T47_1998A_028:0930a20_2	心無所之。	028	心 無 所 之  
ZH_T47_1998A_028:0930a20_13	老鼠入牛角便見倒斷也。	028	老 鼠 入 牛 角 便 見 倒 斷 也  
ZH_T47_1998A_028:0930a20_19	又方寸若鬧。	028	又 方 寸 若 鬧  
ZH_T47_1998A_028:0930a21_9	但只舉狗子無佛性話。	028	但 只 舉 狗 子 無 佛 性 話  
ZH_T47_1998A_028:0930a22_1	佛語祖語諸方老宿語。	028	佛 語 祖 語 諸 方 老 宿 語  
ZH_T47_1998A_028:0930a22_6	千差萬別。	028	千 差 萬 別  
ZH_T47_1998A_028:0930a22_13	若透得箇無字。	028	若 透 得 箇 無 字  
ZH_T47_1998A_028:0930a22_18	一時透過。	028	一 時 透 過  
ZH_T47_1998A_028:0930a23_2	不著問人。	028	不 著 問 人  
ZH_T47_1998A_028:0930a23_8	若一向問人。	028	若 一 向 問 人  
ZH_T47_1998A_028:0930a23_14	佛語又如何。	028	佛 語 又 如 何  
ZH_T47_1998A_028:0930a23_20	祖語又如何。	028	祖 語 又 如 何  
ZH_T47_1998A_028:0930a24_8	諸方老宿語又如何。	028	諸 方 老 宿 語 又 如 何  
ZH_T47_1998A_028:0930a24_16	永劫無有悟時也。	028	永 劫 無 有 悟 時 也  
ZH_T47_1998A_028:0930a26_4	答呂郎中答呂郎中隆禮令兄居仁。	028	答 呂 郎 中 答 呂 郎 中 隆 禮 令 兄 居 仁  
ZH_T47_1998A_028:0930a26_8	兩得書。	028	兩 得 書  
ZH_T47_1998A_028:0930a26_14	為此事甚忙。	028	為 此 事 甚 忙  
ZH_T47_1998A_028:0930a26_20	然亦當著忙。	028	然 亦 當 著 忙  
ZH_T47_1998A_028:0930a27_9	年已六十從官又做了。	028	年 已 六 十 從 官 又 做 了  
ZH_T47_1998A_028:0930a27_14	更待如何。	028	更 待 如 何  
ZH_T47_1998A_028:0930a28_1	若不早著忙。	028	若 不 早 著 忙  
ZH_T47_1998A_028:0930a28_13	臘月三十日如何打疊得辦。	028	臘 月 三 十 日 如 何 打 疊 得 辦  
ZH_T47_1998A_028:0930a29_2	聞左右邇來亦忙。	028	聞 左 右 邇 來 亦 忙  
ZH_T47_1998A_028:0930a29_8	只這著忙底。	028	只 這 著 忙 底  
ZH_T47_1998A_028:0930b01_1	便是臘月三十日消息也。	028	便 是 臘 月 三 十 日 消 息 也  
ZH_T47_1998A_028:0930b01_6	如何是佛。	028	如 何 是 佛  
ZH_T47_1998A_028:0930b01_10	乾屎橛。	028	乾 屎 橛  
ZH_T47_1998A_028:0930b01_15	這裏不透。	028	這 裏 不 透  
ZH_T47_1998A_028:0930b02_4	與臘月三十日何異。	028	與 臘 月 三 十 日 何 異  
ZH_T47_1998A_028:0930b02_13	措大家一生鑽故紙。	028	措 大 家 一 生 鑽 故 紙  
ZH_T47_1998A_028:0930b02_18	是事要知。	028	是 事 要 知  
ZH_T47_1998A_028:0930b03_7	博覽群書高談闊論。	028	博 覽 群 書 高 談 闊 論  
ZH_T47_1998A_028:0930b03_13	孔子又如何。	028	孔 子 又 如 何  
ZH_T47_1998A_028:0930b03_19	孟子又如何。	028	孟 子 又 如 何  
ZH_T47_1998A_028:0930b04_5	莊子又如何。	028	莊 子 又 如 何  
ZH_T47_1998A_028:0930b04_11	周易又如何。	028	周 易 又 如 何  
ZH_T47_1998A_028:0930b04_19	古今治亂又如何。	028	古 今 治 亂 又 如 何  
ZH_T47_1998A_028:0930b05_8	被這些言語使得來。	028	被 這 些 言 語 使 得 來  
ZH_T47_1998A_028:0930b05_13	七顛八倒。	028	七 顛 八 倒  
ZH_T47_1998A_028:0930b06_6	諸子百家纔聞人舉著一字。	028	諸 子 百 家 纔 聞 人 舉 著 一 字  
ZH_T47_1998A_028:0930b06_13	便成卷念將去。	028	便 成 卷 念 將 去  
ZH_T47_1998A_028:0930b07_2	以一事不知為恥。	028	以 一 事 不 知 為 恥  
ZH_T47_1998A_028:0930b07_13	及乎問著他自家屋裏事。	028	及 乎 問 著 他 自 家 屋 裏 事  
ZH_T47_1998A_028:0930b08_1	並無一人知者。	028	並 無 一 人 知 者  
ZH_T47_1998A_028:0930b08_14	可謂終日數他寶自無半錢分。	028	可 謂 終 日 數 他 寶 自 無 半 錢 分  
ZH_T47_1998A_028:0930b09_3	空來世上打一遭。	028	空 來 世 上 打 一 遭  
ZH_T47_1998A_028:0930b09_10	脫却這殼漏子。	028	脫 却 這 殼 漏 子  
ZH_T47_1998A_028:0930b09_17	上天堂也不知。	028	上 天 堂 也 不 知  
ZH_T47_1998A_028:0930b10_4	入地獄也不知。	028	入 地 獄 也 不 知  
ZH_T47_1998A_028:0930b10_16	隨其業力流入諸趣並不知。	028	隨 其 業 力 流 入 諸 趣 並 不 知  
ZH_T47_1998A_028:0930b11_5	若是別人家裏事。	028	若 是 別 人 家 裏 事  
ZH_T47_1998A_028:0930b11_13	細大無有不知者。	028	細 大 無 有 不 知 者  
ZH_T47_1998A_028:0930b12_6	士大夫讀得書多底無明多。	028	士 大 夫 讀 得 書 多 底 無 明 多  
ZH_T47_1998A_028:0930b12_15	讀得書少底無明少。	028	讀 得 書 少 底 無 明 少  
ZH_T47_1998A_028:0930b13_5	做得官小底人我小。	028	做 得 官 小 底 人 我 小  
ZH_T47_1998A_028:0930b13_14	做得官大底人我大。	028	做 得 官 大 底 人 我 大  
ZH_T47_1998A_028:0930b13_17	自道。	028	自 道  
ZH_T47_1998A_028:0930b14_3	我聰明靈利。	028	我 聰 明 靈 利  
ZH_T47_1998A_028:0930b14_11	及乎臨秋毫利害。	028	及 乎 臨 秋 毫 利 害  
ZH_T47_1998A_028:0930b14_17	聰明也不見。	028	聰 明 也 不 見  
ZH_T47_1998A_028:0930b15_3	靈利也不見。	028	靈 利 也 不 見  
ZH_T47_1998A_028:0930b15_16	平生所讀底書一字也使不著。	028	平 生 所 讀 底 書 一 字 也 使 不 著  
ZH_T47_1998A_028:0930b16_7	蓋從上大人丘乙己時。	028	蓋 從 上 大 人 丘 乙 己 時  
ZH_T47_1998A_028:0930b16_12	便錯了也。	028	便 錯 了 也  
ZH_T47_1998A_028:0930b16_19	只欲取富貴耳。	028	只 欲 取 富 貴 耳  
ZH_T47_1998A_028:0930b17_5	取得富貴底。	028	取 得 富 貴 底  
ZH_T47_1998A_028:0930b17_11	又能有幾人。	028	又 能 有 幾 人  
ZH_T47_1998A_028:0930b18_6	肯回頭轉腦向自己脚跟下推窮。	028	肯 回 頭 轉 腦 向 自 己 脚 跟 下 推 窮  
ZH_T47_1998A_028:0930b18_13	我這取富貴底。	028	我 這 取 富 貴 底  
ZH_T47_1998A_028:0930b18_18	從何處來。	028	從 何 處 來  
ZH_T47_1998A_028:0930b19_5	即今受富貴底。	028	即 今 受 富 貴 底  
ZH_T47_1998A_028:0930b19_13	異日却向何處去。	028	異 日 却 向 何 處 去  
ZH_T47_1998A_028:0930b19_19	既不知來處。	028	既 不 知 來 處  
ZH_T47_1998A_028:0930b20_5	又不知去處。	028	又 不 知 去 處  
ZH_T47_1998A_028:0930b20_12	便覺心頭迷悶。	028	便 覺 心 頭 迷 悶  
ZH_T47_1998A_028:0930b21_2	正迷悶時亦非他物。	028	正 迷 悶 時 亦 非 他 物  
ZH_T47_1998A_028:0930b21_11	只就這裏看箇話頭。	028	只 就 這 裏 看 箇 話 頭  
ZH_T47_1998A_028:0930b21_16	僧問雲門。	028	僧 問 雲 門  
ZH_T47_1998A_028:0930b22_1	如何是佛。	028	如 何 是 佛  
ZH_T47_1998A_028:0930b22_4	門云。	028	門 云  
ZH_T47_1998A_028:0930b22_8	乾屎橛。	028	乾 屎 橛  
ZH_T47_1998A_028:0930b22_13	但舉此話。	028	但 舉 此 話  
ZH_T47_1998A_028:0930b22_20	忽然伎倆盡時。	028	忽 然 伎 倆 盡 時  
ZH_T47_1998A_028:0930b23_3	便悟也。	028	便 悟 也  
ZH_T47_1998A_028:0930b23_11	切忌尋文字引證。	028	切 忌 尋 文 字 引 證  
ZH_T47_1998A_028:0930b23_18	胡亂摶量註解。	028	胡 亂 摶 量 註 解  
ZH_T47_1998A_028:0930b24_11	縱然註解得分明說得有下落。	028	縱 然 註 解 得 分 明 說 得 有 下 落  
ZH_T47_1998A_028:0930b24_18	盡是鬼家活計。	028	盡 是 鬼 家 活 計  
ZH_T47_1998A_028:0930b25_4	疑情不破。	028	疑 情 不 破  
ZH_T47_1998A_028:0930b25_10	生死交加疑。	028	生 死 交 加 疑  
ZH_T47_1998A_028:0930b25_14	情若破。	028	情 若 破  
ZH_T47_1998A_028:0930b26_5	則生死心絕矣生死心絕。	028	則 生 死 心 絕 矣 生 死 心 絕  
ZH_T47_1998A_028:0930b26_13	則佛見法見亡矣。	028	則 佛 見 法 見 亡 矣  
ZH_T47_1998A_028:0930b27_1	佛見法見尚亡。	028	佛 見 法 見 尚 亡  
ZH_T47_1998A_028:0930b27_12	況復更起眾生煩惱見耶。	028	況 復 更 起 眾 生 煩 惱 見 耶  
ZH_T47_1998A_028:0930b27_19	但將迷悶底心。	028	但 將 迷 悶 底 心  
ZH_T47_1998A_028:0930b28_6	移來乾屎橛上。	028	移 來 乾 屎 橛 上  
ZH_T47_1998A_028:0930b28_11	一抵抵住。	028	一 抵 抵 住  
ZH_T47_1998A_028:0930b28_17	怖生死底心。	028	怖 生 死 底 心  
ZH_T47_1998A_028:0930b29_2	迷悶底心。	028	迷 悶 底 心  
ZH_T47_1998A_028:0930b29_9	思量分別底心。	028	思 量 分 別 底 心  
ZH_T47_1998A_028:0930b29_15	作聰明底心。	028	作 聰 明 底 心  
ZH_T47_1998A_028:0930c01_1	自然不行也。	028	自 然 不 行 也  
ZH_T47_1998A_028:0930c01_7	覺得不行時。	028	覺 得 不 行 時  
ZH_T47_1998A_028:0930c01_12	莫怕落空。	028	莫 怕 落 空  
ZH_T47_1998A_028:0930c02_2	忽然向抵住處絕消息。	028	忽 然 向 抵 住 處 絕 消 息  
ZH_T47_1998A_028:0930c02_14	不勝慶快平生得消息絕了。	028	不 勝 慶 快 平 生 得 消 息 絕 了  
ZH_T47_1998A_028:0930c03_4	起佛見法見眾生見。	028	起 佛 見 法 見 眾 生 見  
ZH_T47_1998A_028:0930c03_9	思量分別。	028	思 量 分 別  
ZH_T47_1998A_028:0930c03_16	作聰明說道理。	028	作 聰 明 說 道 理  
ZH_T47_1998A_028:0930c04_7	都不相妨日用四威儀中。	028	都 不 相 妨 日 用 四 威 儀 中  
ZH_T47_1998A_028:0930c04_15	但常放教蕩蕩地。	028	但 常 放 教 蕩 蕩 地  
ZH_T47_1998A_028:0930c05_8	靜處鬧處常以乾屎橛提撕。	028	靜 處 鬧 處 常 以 乾 屎 橛 提 撕  
ZH_T47_1998A_028:0930c06_1	日往月來水牯牛自純熟矣。	028	日 往 月 來 水 牯 牛 自 純 熟 矣  
ZH_T47_1998A_028:0930c06_13	第一不得向外面別起疑也。	028	第 一 不 得 向 外 面 別 起 疑 也  
ZH_T47_1998A_028:0930c07_11	乾屎橛上疑破則恒河沙數疑一時破矣。	028	乾 屎 橛 上 疑 破 則 恒 河 沙 數 疑 一 時 破 矣  
ZH_T47_1998A_028:0930c08_3	前此亦嘗如此寫與居仁。	028	前 此 亦 嘗 如 此 寫 與 居 仁  
ZH_T47_1998A_028:0930c08_11	比趙景明來得書。	028	比 趙 景 明 來 得 書  
ZH_T47_1998A_028:0930c08_18	書中再來問云。	028	書 中 再 來 問 云  
ZH_T47_1998A_028:0930c09_11	不知離此別有下工夫處也無。	028	不 知 離 此 別 有 下 工 夫 處 也 無  
ZH_T47_1998A_028:0930c10_3	又如舉手動足著衣喫飯。	028	又 如 舉 手 動 足 著 衣 喫 飯  
ZH_T47_1998A_028:0930c10_9	當如何體究。	028	當 如 何 體 究  
ZH_T47_1998A_028:0930c10_16	為復只看話頭。	028	為 復 只 看 話 頭  
ZH_T47_1998A_028:0930c11_3	為復別有體究。	028	為 復 別 有 體 究  
ZH_T47_1998A_028:0930c11_11	又平生一大疑事。	028	又 平 生 一 大 疑 事  
ZH_T47_1998A_028:0930c11_16	至今未了。	028	至 今 未 了  
ZH_T47_1998A_028:0930c12_6	只如死後斷滅不斷滅。	028	只 如 死 後 斷 滅 不 斷 滅  
ZH_T47_1998A_028:0930c12_13	如何決定見得。	028	如 何 決 定 見 得  
ZH_T47_1998A_028:0930c13_3	又不要引經論所說。	028	又 不 要 引 經 論 所 說  
ZH_T47_1998A_028:0930c13_11	不要指古人公案。	028	不 要 指 古 人 公 案  
ZH_T47_1998A_028:0930c14_1	只據目前直截分明。	028	只 據 目 前 直 截 分 明  
ZH_T47_1998A_028:0930c14_13	指示剖判斷滅不斷滅實處。	028	指 示 剖 判 斷 滅 不 斷 滅 實 處  
ZH_T47_1998A_028:0930c15_1	觀渠如此說話。	028	觀 渠 如 此 說 話  
ZH_T47_1998A_028:0930c15_12	返不如三家村裏省事漢。	028	返 不 如 三 家 村 裏 省 事 漢  
ZH_T47_1998A_028:0930c16_1	却無如許多糞壤。	028	却 無 如 許 多 糞 壤  
ZH_T47_1998A_028:0930c16_8	死也死得瞥脫。	028	死 也 死 得 瞥 脫  
ZH_T47_1998A_028:0930c16_14	分明向他道。	028	分 明 向 他 道  
ZH_T47_1998A_028:0930c17_3	千疑萬疑只是一疑。	028	千 疑 萬 疑 只 是 一 疑  
ZH_T47_1998A_028:0930c17_9	話頭上疑破。	028	話 頭 上 疑 破  
ZH_T47_1998A_028:0930c17_18	則千疑萬疑一時破。	028	則 千 疑 萬 疑 一 時 破  
ZH_T47_1998A_028:0930c18_3	話頭不破。	028	話 頭 不 破  
ZH_T47_1998A_028:0930c18_14	則且就話頭上與之廝崖。	028	則 且 就 話 頭 上 與 之 廝 崖  
ZH_T47_1998A_028:0930c19_1	若棄了話頭。	028	若 棄 了 話 頭  
ZH_T47_1998A_028:0930c19_10	却去別文字上起疑。	028	却 去 別 文 字 上 起 疑  
ZH_T47_1998A_028:0930c19_16	經教上起疑。	028	經 教 上 起 疑  
ZH_T47_1998A_028:0930c20_4	古人公案上起疑。	028	古 人 公 案 上 起 疑  
ZH_T47_1998A_028:0930c20_12	日用塵勞中起疑。	028	日 用 塵 勞 中 起 疑  
ZH_T47_1998A_028:0930c20_19	皆是邪魔眷屬。	028	皆 是 邪 魔 眷 屬  
ZH_T47_1998A_028:0930c21_9	又不得向舉起處承當。	028	又 不 得 向 舉 起 處 承 當  
ZH_T47_1998A_028:0930c21_17	又不得思量卜度。	028	又 不 得 思 量 卜 度  
ZH_T47_1998A_028:0930c22_11	但只著意就不可思量處思量。	028	但 只 著 意 就 不 可 思 量 處 思 量  
ZH_T47_1998A_028:0930c22_16	心無所之。	028	心 無 所 之  
ZH_T47_1998A_028:0930c23_8	老鼠入牛角便見倒斷也。	028	老 鼠 入 牛 角 便 見 倒 斷 也  
ZH_T47_1998A_028:0930c23_16	寫得如此分曉了。	028	寫 得 如 此 分 曉 了  
ZH_T47_1998A_028:0930c25_3	又却更來忉忉怛怛地問不知許多聰明知見向甚處去也。	028	又 却 更 來 忉 忉 怛 怛 地 問 不 知 許 多 聰 明 知 見 向 甚 處 去 也  
ZH_T47_1998A_028:0930c25_7	不信道。	028	不 信 道  
ZH_T47_1998A_028:0930c25_13	平生讀底書。	028	平 生 讀 底 書  
ZH_T47_1998A_028:0930c26_3	到這裏一字也使不著。	028	到 這 裏 一 字 也 使 不 著  
ZH_T47_1998A_028:0930c26_9	而今不得已。	028	而 今 不 得 已  
ZH_T47_1998A_028:0930c26_18	更為他放些惡氣息。	028	更 為 他 放 些 惡 氣 息  
ZH_T47_1998A_028:0930c27_5	若只恁麼休去。	028	若 只 恁 麼 休 去  
ZH_T47_1998A_028:0930c27_14	却是妙喜被渠問了。	028	却 是 妙 喜 被 渠 問 了  
ZH_T47_1998A_028:0930c28_1	更答不得也。	028	更 答 不 得 也  
ZH_T47_1998A_028:0930c28_6	此書纔到。	028	此 書 纔 到  
ZH_T47_1998A_028:0930c28_13	便送與渠一看。	028	便 送 與 渠 一 看  
ZH_T47_1998A_028:0930c28_18	居仁自言。	028	居 仁 自 言  
ZH_T47_1998A_028:0930c29_4	行年六十歲。	028	行 年 六 十 歲  
ZH_T47_1998A_028:0930c29_9	此事未了。	028	此 事 未 了  
ZH_T47_1998A_028:0930c29_12	問渠。	028	問 渠  
ZH_T47_1998A_028:0930c29_16	未了底。	028	未 了 底  
ZH_T47_1998A_028:0931a01_8	為復是舉手動足著衣喫飯底。	028	為 復 是 舉 手 動 足 著 衣 喫 飯 底  
ZH_T47_1998A_028:0931a02_4	未了若是舉手動足著衣喫飯底。	028	未 了 若 是 舉 手 動 足 著 衣 喫 飯 底  
ZH_T47_1998A_028:0931a02_11	又要如何了他。	028	又 要 如 何 了 他  
ZH_T47_1998A_028:0931a02_15	殊不知。	028	殊 不 知  
ZH_T47_1998A_028:0931a03_13	只這欲了知決定見得死後斷滅不斷滅底。	028	只 這 欲 了 知 決 定 見 得 死 後 斷 滅 不 斷 滅 底  
ZH_T47_1998A_028:0931a04_7	便是閻家老子面前喫鐵棒底。	028	便 是 閻 家 老 子 面 前 喫 鐵 棒 底  
ZH_T47_1998A_028:0931a04_12	此疑不破。	028	此 疑 不 破  
ZH_T47_1998A_028:0931a04_17	流浪生死。	028	流 浪 生 死  
ZH_T47_1998A_028:0931a05_2	未有了期。	028	未 有 了 期  
ZH_T47_1998A_028:0931a05_6	向渠道。	028	向 渠 道  
ZH_T47_1998A_028:0931a05_15	千疑萬疑只是一疑。	028	千 疑 萬 疑 只 是 一 疑  
ZH_T47_1998A_028:0931a05_20	話頭若破。	028	話 頭 若 破  
ZH_T47_1998A_028:0931a06_9	死後斷滅不斷滅之疑。	028	死 後 斷 滅 不 斷 滅 之 疑  
ZH_T47_1998A_028:0931a06_17	當下氷銷瓦解矣。	028	當 下 氷 銷 瓦 解 矣  
ZH_T47_1998A_028:0931a07_5	更教直截分明。	028	更 教 直 截 分 明  
ZH_T47_1998A_028:0931a07_15	指示剖判斷滅不斷滅。	028	指 示 剖 判 斷 滅 不 斷 滅  
ZH_T47_1998A_028:0931a08_6	如此見識與外道何異。	028	如 此 見 識 與 外 道 何 異  
ZH_T47_1998A_028:0931a08_16	平生做許多之乎者也。	028	平 生 做 許 多 之 乎 者 也  
ZH_T47_1998A_028:0931a09_2	要作何用。	028	要 作 何 用  
ZH_T47_1998A_028:0931a09_9	渠既許多遠地。	028	渠 既 許 多 遠 地  
ZH_T47_1998A_028:0931a09_19	放這般惡氣息來熏人。	028	放 這 般 惡 氣 息 來 熏 人  
ZH_T47_1998A_028:0931a10_9	妙喜不可只恁麼休去。	028	妙 喜 不 可 只 恁 麼 休 去  
ZH_T47_1998A_028:0931a10_16	亦放些惡氣息。	028	亦 放 些 惡 氣 息  
ZH_T47_1998A_028:0931a11_4	却去熏他則箇。	028	却 去 熏 他 則 箇  
ZH_T47_1998A_028:0931a11_17	渠教不要引經教及古人公案。	028	渠 教 不 要 引 經 教 及 古 人 公 案  
ZH_T47_1998A_028:0931a12_7	只據目前直截分明。	028	只 據 目 前 直 截 分 明  
ZH_T47_1998A_028:0931a12_17	指示斷滅不斷滅實處。	028	指 示 斷 滅 不 斷 滅 實 處  
ZH_T47_1998A_028:0931a13_7	昔志道禪師問六祖。	028	昔 志 道 禪 師 問 六 祖  
ZH_T47_1998A_028:0931a13_13	學人自出家。	028	學 人 自 出 家  
ZH_T47_1998A_028:0931a13_18	覽涅槃經。	028	覽 涅 槃 經  
ZH_T47_1998A_028:0931a14_3	近十餘載。	028	近 十 餘 載  
ZH_T47_1998A_028:0931a14_12	未明大意願師垂誨。	028	未 明 大 意 願 師 垂 誨  
ZH_T47_1998A_028:0931a14_15	祖曰。	028	祖 曰  
ZH_T47_1998A_028:0931a15_1	汝何處未了。	028	汝 何 處 未 了  
ZH_T47_1998A_028:0931a15_4	對曰。	028	對 曰  
ZH_T47_1998A_028:0931a15_13	諸行無常是生滅法。	028	諸行無常 是 生 滅 法  
ZH_T47_1998A_028:0931a16_2	生滅滅已寂滅為樂。	028	生 滅 滅 已 寂 滅 為 樂  
ZH_T47_1998A_028:0931a16_7	於此疑惑。	028	於 此 疑 惑  
ZH_T47_1998A_028:0931a16_10	祖曰。	028	祖 曰  
ZH_T47_1998A_028:0931a16_16	汝作麼生疑。	028	汝 作 麼 生 疑  
ZH_T47_1998A_028:0931a16_19	對曰。	028	對 曰  
ZH_T47_1998A_028:0931a17_7	一切眾生皆有二身。	028	一 切 眾 生 皆 有 二 身  
ZH_T47_1998A_028:0931a18_2	謂色身法身也此乃居仁同道色身無常。	028	謂 色 身 法 身 也 此 乃 居 仁 同 道 色 身 無 常  
ZH_T47_1998A_028:0931a18_7	有生有滅。	028	有 生 有 滅  
ZH_T47_1998A_028:0931a18_12	法身有常。	028	法 身 有 常  
ZH_T47_1998A_028:0931a18_17	無知無覺。	028	無 知 無 覺  
ZH_T47_1998A_028:0931a18_20	經云。	028	經 云  
ZH_T47_1998A_028:0931a19_9	生滅滅已寂滅為樂者。	028	生 滅 滅 已 寂 滅 為 樂 者  
ZH_T47_1998A_028:0931a19_17	未審是何身寂滅。	028	未 審 是 何 身 寂 滅  
ZH_T47_1998A_028:0931a20_3	何身受樂。	028	何 身 受 樂  
ZH_T47_1998A_028:0931a20_8	若色身者。	028	若 色 身 者  
ZH_T47_1998A_028:0931a20_17	色身滅時四大分散。	028	色 身 滅 時 四 大 分 散  
ZH_T47_1998A_028:0931a21_1	全是苦。	028	全 是 苦  
ZH_T47_1998A_028:0931a21_7	苦不可言樂。	028	苦 不 可 言 樂  
ZH_T47_1998A_028:0931a21_13	若法身寂滅。	028	若 法 身 寂 滅  
ZH_T47_1998A_028:0931a21_20	即同草木瓦石。	028	即 同 草 木 瓦 石  
ZH_T47_1998A_028:0931a22_4	誰當受樂。	028	誰 當 受 樂  
ZH_T47_1998A_028:0931a22_13	又法性是生滅之體。	028	又 法 性 是 生 滅 之 體  
ZH_T47_1998A_028:0931a23_2	五蘊是生滅之用。	028	五 蘊 是 生 滅 之 用  
ZH_T47_1998A_028:0931a23_7	一體五用。	028	一 體 五 用  
ZH_T47_1998A_028:0931a23_12	生滅是常。	028	生 滅 是 常  
ZH_T47_1998A_028:0931a23_19	生則從體起用。	028	生 則 從 體 起 用  
ZH_T47_1998A_028:0931a24_6	滅則攝用歸體。	028	滅 則 攝 用 歸 體  
ZH_T47_1998A_028:0931a24_11	若聽更生。	028	若 聽 更 生  
ZH_T47_1998A_028:0931a24_17	即有情之類。	028	即 有情之類  
ZH_T47_1998A_028:0931a25_2	不斷不滅。	028	不 斷 不 滅  
ZH_T47_1998A_028:0931a25_8	若不聽更生。	028	若 不 聽 更 生  
ZH_T47_1998A_028:0931a25_14	即永歸寂滅。	028	即 永 歸 寂 滅  
ZH_T47_1998A_028:0931a26_8	同於無情之物如是則一切諸法。	028	同 於 無 情 之 物 如 是 則 一切諸法  
ZH_T47_1998A_028:0931a26_16	被涅槃之所禁伏。	028	被 涅 槃 之 所 禁 伏  
ZH_T47_1998A_028:0931a27_2	尚不得生。	028	尚 不 得 生  
ZH_T47_1998A_028:0931a27_20	何樂之有可與居仁一狀領過祖師到這裏。	028	何 樂 之 有 可 與 居 仁 一 狀 領 過 祖 師 到 這 裏  
ZH_T47_1998A_028:0931a28_5	不能臨濟德山用事。	028	不 能 臨 濟 德 山 用 事  
ZH_T47_1998A_028:0931a28_14	遂放些氣息還他云。	028	遂 放 些 氣 息 還 他 云  
ZH_T47_1998A_028:0931a28_19	汝是釋子。	028	汝 是 釋 子  
ZH_T47_1998A_028:0931a29_8	何習外道斷常邪見。	028	何 習 外 道 斷 常 邪 見  
ZH_T47_1998A_028:0931a29_15	而議最上乘法。	028	而 議 最 上 乘 法  
ZH_T47_1998A_028:0931b01_1	據汝所解。	028	據 汝 所 解  
ZH_T47_1998A_028:0931b01_10	即色身外別有法身。	028	即 色 身 外 別 有 法 身  
ZH_T47_1998A_028:0931b01_18	離生滅求於寂滅。	028	離 生 滅 求 於 寂 滅  
ZH_T47_1998A_028:0931b02_5	又推涅槃常樂。	028	又 推 涅槃常樂  
ZH_T47_1998A_028:0931b02_11	言有身受者。	028	言 有 身 受 者  
ZH_T47_1998A_028:0931b03_3	斯乃執吝生死耽著世樂。	028	斯 乃 執 吝 生 死 耽 著 世 樂  
ZH_T47_1998A_028:0931b03_8	汝今當知。	028	汝 今 當 知  
ZH_T47_1998A_028:0931b04_5	佛為一切迷人認五蘊和合為自體相。	028	佛 為 一 切 迷 人 認 五 蘊 和 合 為 自 體 相  
ZH_T47_1998A_028:0931b04_15	分別一切法為外塵相。	028	分 別 一 切 法 為 外 塵 相  
ZH_T47_1998A_028:0931b05_5	好生惡死念念遷流。	028	好 生 惡 死 念 念 遷 流  
ZH_T47_1998A_028:0931b05_12	不知夢幻虛假。	028	不 知 夢 幻 虛 假  
ZH_T47_1998A_028:0931b05_17	枉受輪回。	028	枉 受 輪 回  
ZH_T47_1998A_028:0931b06_4	以常樂涅槃。	028	以 常 樂 涅 槃  
ZH_T47_1998A_028:0931b06_9	翻為苦相。	028	翻 為 苦 相  
ZH_T47_1998A_028:0931b06_14	終日馳求。	028	終 日 馳 求  
ZH_T47_1998A_028:0931b06_19	佛愍此故。	028	佛 愍 此 故  
ZH_T47_1998A_028:0931b07_6	乃示涅槃真樂。	028	乃 示 涅 槃 真 樂  
ZH_T47_1998A_028:0931b07_13	剎那無有生相。	028	剎 那 無 有 生 相  
ZH_T47_1998A_028:0931b08_1	剎那無有滅相。	028	剎 那 無 有 滅 相  
ZH_T47_1998A_028:0931b08_20	更無生滅可滅到此請著眼睛是則寂滅現前。	028	更 無 生 滅 可 滅 到 此 請 著 眼 睛 是 則 寂 滅 現 前  
ZH_T47_1998A_028:0931b09_2	當現前時。	028	當 現 前 時  
ZH_T47_1998A_028:0931b09_9	亦無現前之量。	028	亦 無 現 前 之 量  
ZH_T47_1998A_028:0931b09_14	乃謂常樂。	028	乃 謂 常 樂  
ZH_T47_1998A_028:0931b10_1	此樂無有受者。	028	此 樂 無 有 受 者  
ZH_T47_1998A_028:0931b10_20	亦無有不受者猶較些子豈有一體五用之名。	028	亦 無 有 不 受 者 猶 較 些 子 豈 有 一 體 五 用 之 名  
ZH_T47_1998A_028:0931b11_14	何況更言涅槃禁伏諸法令永不生。	028	何 況 更 言 涅 槃 禁 伏 諸 法 令 永 不 生  
ZH_T47_1998A_028:0931b12_23	此乃謗佛毀法居仁亦有一分子聽吾偈曰分疎不下無上大涅槃。	028	此 乃 謗 佛 毀 法 居 仁 亦 有 一 分 子 聽 吾 偈 曰 分 疎 不 下 無 上 大 涅 槃  
ZH_T47_1998A_028:0931b13_4	圓明常寂照。	028	圓 明 常 寂 照  
ZH_T47_1998A_028:0931b13_10	凡愚謂之死。	028	凡 愚 謂 之 死  
ZH_T47_1998A_028:0931b13_16	外道執為斷。	028	外 道 執 為 斷  
ZH_T47_1998A_028:0931b14_2	諸求二乘人。	028	諸 求 二 乘 人  
ZH_T47_1998A_028:0931b14_8	目以為無作。	028	目 以 為 無 作  
ZH_T47_1998A_028:0931b14_14	盡屬情所計。	028	盡 屬 情 所 計  
ZH_T47_1998A_028:0931b14_20	六十二見本。	028	六 十 二 見 本  
ZH_T47_1998A_028:0931b15_5	妄立虛假名。	028	妄 立 虛 假 名  
ZH_T47_1998A_028:0931b16_23	何為真實義居仁要見實處但看此一句子唯有過量人未見其人通達無取捨居仁更疑三十年以知五蘊法。	028	何 為 真 實 義 居 仁 要 見 實 處 但 看 此 一 句 子 唯 有 過 量 人 未 見 其 人 通 達 無 取 捨 居 仁 更 疑 三 十 年 以 知 五 蘊 法  
ZH_T47_1998A_028:0931b18_19	及以蘊中我居仁在裏許求出無門外現眾色像莫眼花一一音聲相賺殺人平等如夢幻救得一半不起凡聖見。	028	及 以 蘊 中 我 居 仁 在 裏 許 求 出 無 門 外 現 眾 色 像 莫 眼 花 一 一 音 聲 相 賺 殺 人 平 等 如 夢 幻 救 得 一 半 不 起 凡 聖 見  
ZH_T47_1998A_028:0931b19_13	不作涅槃解亦未見其人二邊三際斷。	028	不 作 涅 槃 解 亦 未 見 其 人 二 邊 三 際 斷  
ZH_T47_1998A_028:0931b19_19	常應諸根用。	028	常 應 諸 根 用  
ZH_T47_1998A_028:0931b20_3	而不起用想。	028	而 不 起 用 想  
ZH_T47_1998A_028:0931b20_9	分別一切法。	028	分 別 一 切 法  
ZH_T47_1998A_028:0931b20_15	不起分別想。	028	不起分別 想  
ZH_T47_1998A_028:0931b21_1	劫火燒海底。	028	劫 火 燒 海 底  
ZH_T47_1998A_028:0931b21_7	風鼓山相擊。	028	風 鼓 山 相 擊  
ZH_T47_1998A_028:0931b21_13	真常寂滅樂。	028	真 常 寂 滅 樂  
ZH_T47_1998A_028:0931b21_19	涅槃相如是。	028	涅 槃 相 如 是  
ZH_T47_1998A_028:0931b22_4	吾今彊言說。	028	吾 今 彊 言 說  
ZH_T47_1998A_028:0931b23_19	令汝捨邪見只是居仁不肯捨汝勿隨言解居仁記此許汝知少分只這少分也不消得志道聞偈。	028	令 汝 捨 邪 見 只 是 居 仁 不 肯 捨 汝 勿 隨 言 解 居 仁 記 此 許 汝 知 少 分 只 這 少 分 也 不 消 得 志 道 聞 偈  
ZH_T47_1998A_028:0931b24_9	忽然大悟葛藤不少只這一絡索。	028	忽 然 大 悟 葛 藤 不 少 只 這 一 絡 索  
ZH_T47_1998A_028:0931b25_4	便是直截分明指示居仁底指頭子也。	028	便 是 直 截 分 明 指 示 居 仁 底 指 頭 子 也  
ZH_T47_1998A_028:0931b25_9	居仁見此。	028	居 仁 見 此  
ZH_T47_1998A_028:0931b25_18	若道猶是經論所說。	028	若 道 猶 是 經 論 所 說  
ZH_T47_1998A_028:0931b26_5	尚指古人公案。	028	尚 指 古 人 公 案  
ZH_T47_1998A_028:0931b26_12	若尚作如此見。	028	若 尚 作 如 此 見  
ZH_T47_1998A_028:0931b27_1	入地獄如箭射。	028	入 地 獄 如 箭 射  
ZH_T47_1998A_028:0931b29_1	答呂舍人答呂舍人居仁承。	028	答 呂 舍 人 答 呂 舍 人 居 仁 承  
ZH_T47_1998A_028:0931b29_9	日用不輟做工夫。	028	日 用 不 輟 做 工 夫  
ZH_T47_1998A_028:0931c01_1	工夫熟則撞發關棙子矣。	028	工 夫 熟 則 撞 發 關 棙 子 矣  
ZH_T47_1998A_028:0931c01_7	所謂工夫者。	028	所 謂 工 夫 者  
ZH_T47_1998A_028:0931c01_16	思量世間塵勞底心。	028	思 量 世 間 塵 勞 底 心  
ZH_T47_1998A_028:0931c02_4	回在乾屎橛上。	028	回 在 乾 屎 橛 上  
ZH_T47_1998A_028:0931c02_10	令情識不行。	028	令 情 識 不 行  
ZH_T47_1998A_028:0931c02_18	如土木偶人相似。	028	如 土 木 偶 人 相 似  
ZH_T47_1998A_028:0931c03_10	覺得昏怛沒巴鼻可把捉時。	028	覺 得 昏 怛 沒 巴 鼻 可 把 捉 時  
ZH_T47_1998A_028:0931c03_17	便是好消息也。	028	便 是 好 消 息 也  
ZH_T47_1998A_028:0931c04_3	莫怕落空。	028	莫 怕 落 空  
ZH_T47_1998A_028:0931c04_14	亦莫思前算後幾時得悟。	028	亦 莫 思 前 算 後 幾 時 得 悟  
ZH_T47_1998A_028:0931c04_19	若存此心。	028	若 存 此 心  
ZH_T47_1998A_028:0931c05_4	便落邪道。	028	便 落 邪 道  
ZH_T47_1998A_028:0931c05_7	佛云。	028	佛 云  
ZH_T47_1998A_028:0931c05_19	是法非思量分別之所能解。	028	是 法 非 思 量 分 別 之 所 能 解  
ZH_T47_1998A_028:0931c06_4	著即禍生。	028	著 即 禍 生  
ZH_T47_1998A_028:0931c06_17	知得思量分別不能解者是誰。	028	知 得 思 量 分 別 不 能 解 者 是 誰  
ZH_T47_1998A_028:0931c07_5	只是箇呂居仁。	028	只 是 箇 呂 居 仁  
ZH_T47_1998A_028:0931c07_14	更不得回頭轉腦也。	028	更 不 得 回 頭 轉 腦 也  
ZH_T47_1998A_028:0931c08_3	前此答隆禮書。	028	前 此 答 隆 禮 書  
ZH_T47_1998A_028:0931c08_9	說盡禪病矣。	028	說 盡 禪 病 矣  
ZH_T47_1998A_028:0931c08_14	諸佛諸祖。	028	諸 佛 諸 祖  
ZH_T47_1998A_028:0931c09_1	並無一法與人。	028	並 無 一 法 與 人  
ZH_T47_1998A_028:0931c09_15	只要當人自信自肯自見自悟耳。	028	只 要 當 人 自 信 自 肯 自 見 自 悟 耳  
ZH_T47_1998A_028:0931c10_6	若只取他人口頭說底。	028	若 只 取 他 人 口 頭 說 底  
ZH_T47_1998A_028:0931c10_10	恐誤人。	028	恐 誤 人  
ZH_T47_1998A_028:0931c10_15	此事決定。	028	此 事 決 定  
ZH_T47_1998A_028:0931c10_20	離言說相。	028	離 言 說 相  
ZH_T47_1998A_028:0931c11_4	離心緣相。	028	離 心 緣 相  
ZH_T47_1998A_028:0931c11_9	離文字相。	028	離 文 字 相  
ZH_T47_1998A_028:0931c11_16	能知離諸相者。	028	能 知 離 諸 相 者  
ZH_T47_1998A_028:0931c12_3	亦只是呂居仁。	028	亦 只 是 呂 居 仁  
ZH_T47_1998A_028:0931c12_13	疑他死後斷滅不斷滅。	028	疑 他 死 後 斷 滅 不 斷 滅  
ZH_T47_1998A_028:0931c13_1	亦只是呂居仁。	028	亦 只 是 呂 居 仁  
ZH_T47_1998A_028:0931c13_8	求直截指示者。	028	求 直 截 指 示 者  
ZH_T47_1998A_028:0931c13_15	亦只是呂居仁。	028	亦 只 是 呂 居 仁  
ZH_T47_1998A_028:0931c14_2	日用二六時中。	028	日 用 二 六 時 中  
ZH_T47_1998A_028:0931c14_7	或瞋或喜。	028	或 瞋 或 喜  
ZH_T47_1998A_028:0931c14_14	或思量或分別。	028	或 思 量 或 分 別  
ZH_T47_1998A_028:0931c15_1	或昏沈或掉舉。	028	或 昏 沈 或 掉 舉  
ZH_T47_1998A_028:0931c15_8	皆只是呂居仁。	028	皆 只 是 呂 居 仁  
ZH_T47_1998A_028:0931c15_14	只這呂居仁。	028	只 這 呂 居 仁  
ZH_T47_1998A_028:0931c16_3	能作種種奇特變化。	028	能 作 種 種 奇 特 變 化  
ZH_T47_1998A_028:0931c16_10	能與諸佛諸祖。	028	能 與 諸 佛 諸 祖  
ZH_T47_1998A_028:0931c17_3	同遊寂滅大解脫光明海中。	028	同 遊 寂 滅 大 解 脫 光 明 海 中  
ZH_T47_1998A_028:0931c17_12	成就世間出世間事。	028	成 就 世間出世間 事  
ZH_T47_1998A_028:0931c18_3	只是呂居仁信不及耳。	028	只 是 呂 居 仁 信 不 及 耳  
ZH_T47_1998A_028:0931c18_8	若信得及。	028	若 信 得 及  
ZH_T47_1998A_028:0931c18_18	請依此註脚入是三昧。	028	請 依 此 註 脚 入 是 三 昧  
ZH_T47_1998A_028:0931c19_5	忽然從三昧起。	028	忽 然 從 三 昧 起  
ZH_T47_1998A_028:0931c19_12	失却孃生鼻孔。	028	失 却 孃 生 鼻 孔  
ZH_T47_1998A_028:0931c19_18	便是徹頭也。	028	便 是 徹 頭 也  
ZH_T47_1998A_028:0931c20_1	又。	028	又  
ZH_T47_1998A_028:0931c21_4	令弟子育。	028	令 弟 子 育  
ZH_T47_1998A_028:0931c21_11	經由出所賜教。	028	經 由 出 所 賜 教  
ZH_T47_1998A_028:0931c21_18	讀之喜慰可知。	028	讀 之 喜 慰 可 知  
ZH_T47_1998A_028:0931c22_3	無常迅速。	028	無 常 迅 速  
ZH_T47_1998A_028:0931c22_11	百歲光陰如電閃。	028	百 歲 光 陰 如 電 閃  
ZH_T47_1998A_028:0931c23_5	便是收因結果底時節到來也。	028	便 是 收 因 結 果 底 時 節 到 來 也  
ZH_T47_1998A_028:0931c23_13	乾屎橛如何覺得。	028	乾 屎 橛 如 何 覺 得  
ZH_T47_1998A_028:0931c24_5	沒巴鼻無滋味肚裏悶時。	028	沒 巴 鼻 無 滋 味 肚 裏 悶 時  
ZH_T47_1998A_028:0931c24_13	便是好底消息也。	028	便 是 好 底 消 息 也  
ZH_T47_1998A_028:0931c25_5	第一不得向舉起處承當。	028	第 一 不 得 向 舉 起 處 承 當  
ZH_T47_1998A_028:0931c25_15	又不得颺在無事甲裏。	028	又 不 得 颺 在 無 事 甲 裏  
ZH_T47_1998A_028:0931c26_3	不可舉時便有。	028	不 可 舉 時 便 有  
ZH_T47_1998A_028:0931c26_10	不舉時便無也。	028	不 舉 時 便 無 也  
ZH_T47_1998A_028:0931c27_8	但將思量世間塵勞底心回在乾屎橛上。	028	但 將 思 量 世 間 塵 勞 底 心 回 在 乾 屎 橛 上  
ZH_T47_1998A_028:0931c27_15	思量來思量去。	028	思 量 來 思 量 去  
ZH_T47_1998A_028:0931c28_1	無處柰何。	028	無 處 柰 何  
ZH_T47_1998A_028:0931c28_7	伎倆忽然盡。	028	伎 倆 忽 然 盡  
ZH_T47_1998A_028:0931c28_12	便自悟也。	028	便 自 悟 也  
ZH_T47_1998A_028:0931c28_19	不得將心等悟。	028	不 得 將 心 等 悟  
ZH_T47_1998A_028:0931c29_4	若將心等悟。	028	若 將 心 等 悟  
ZH_T47_1998A_028:0931c29_12	永劫不能得悟也。	028	永 劫 不 能 得 悟 也  
ZH_T47_1998A_028:0931c29_19	前此答隆禮書。	028	前 此 答 隆 禮 書  
ZH_T47_1998A_028:0932a01_8	說盡措大家病痛矣。	028	說 盡 措 大 家 病 痛 矣  
ZH_T47_1998A_028:0932a01_15	承只置在座右。	028	承 只 置 在 座 右  
ZH_T47_1998A_028:0932a02_3	若依此做工夫。	028	若 依 此 做 工 夫  
ZH_T47_1998A_028:0932a02_8	雖未悟徹。	028	雖 未 悟 徹  
ZH_T47_1998A_028:0932a02_15	亦能分別邪正。	028	亦 能 分 別 邪 正  
ZH_T47_1998A_028:0932a03_2	不為邪魔所障。	028	不 為 邪 魔 所 障  
ZH_T47_1998A_028:0932a03_11	亦種得般若種子深。	028	亦 種 得 般 若 種 子 深  
ZH_T47_1998A_028:0932a03_17	縱今生不了。	028	縱 今 生 不 了  
ZH_T47_1998A_028:0932a04_6	來生出頭現成受用。	028	來 生 出 頭 現 成 受 用  
ZH_T47_1998A_028:0932a04_11	亦不費力。	028	亦 不 費 力  
ZH_T47_1998A_028:0932a05_1	亦不被惡業奪將去。	028	亦 不 被 惡 業 奪 將 去  
ZH_T47_1998A_028:0932a05_10	臨命終時亦能轉業。	028	臨命終時 亦 能 轉 業  
ZH_T47_1998A_028:0932a05_17	況一念相應耶。	028	況 一 念 相 應 耶  
ZH_T47_1998A_028:0932a06_8	逐日千萬不要思量別事。	028	逐 日 千 萬 不 要 思 量 別 事  
ZH_T47_1998A_028:0932a06_16	但只思量乾屎橛。	028	但 只 思 量 乾 屎 橛  
ZH_T47_1998A_028:0932a07_3	莫問幾時悟。	028	莫 問 幾 時 悟  
ZH_T47_1998A_028:0932a07_8	至禱至禱。	028	至 禱 至 禱  
ZH_T47_1998A_028:0932a07_15	悟時亦無時節。	028	悟 時 亦 無 時 節  
ZH_T47_1998A_028:0932a08_2	亦不驚群動眾。	028	亦 不 驚 群 動 眾  
ZH_T47_1998A_028:0932a08_8	即時怗怗地。	028	即 時 怗 怗 地  
ZH_T47_1998A_028:0932a08_17	自然不疑佛不疑祖。	028	自 然 不 疑 佛 不 疑 祖  
ZH_T47_1998A_028:0932a09_4	不疑生不疑死。	028	不 疑 生 不 疑 死  
ZH_T47_1998A_028:0932a09_11	得到不疑之地。	028	得 到 不 疑 之 地  
ZH_T47_1998A_028:0932a09_17	便是佛地也。	028	便 是 佛 地 也  
ZH_T47_1998A_028:0932a10_4	佛地上本無疑。	028	佛 地 上 本 無 疑  
ZH_T47_1998A_028:0932a10_9	無悟無迷。	028	無 悟 無 迷  
ZH_T47_1998A_028:0932a10_14	無生無死。	028	無 生 無 死  
ZH_T47_1998A_028:0932a10_19	無有無無。	028	無 有 無 無  
ZH_T47_1998A_028:0932a11_6	無涅槃無般若。	028	無 涅 槃 無 般 若  
ZH_T47_1998A_028:0932a11_12	無佛無眾生。	028	無 佛 無 眾 生  
ZH_T47_1998A_028:0932a11_19	亦無恁麼說者。	028	亦 無 恁 麼 說 者  
ZH_T47_1998A_028:0932a12_5	此語亦不受。	028	此 語 亦 不 受  
ZH_T47_1998A_028:0932a12_11	亦無不受者。	028	亦 無 不 受 者  
ZH_T47_1998A_028:0932a12_18	亦無知不受者。	028	亦 無 知 不 受 者  
ZH_T47_1998A_028:0932a13_7	亦無恁麼說不受者。	028	亦 無 恁 麼 說 不 受 者  
ZH_T47_1998A_028:0932a13_15	居仁如是信得及。	028	居 仁 如 是 信 得 及  
ZH_T47_1998A_028:0932a14_2	佛亦只如是。	028	佛 亦 只 如 是  
ZH_T47_1998A_028:0932a14_8	祖亦只如是。	028	祖 亦 只 如 是  
ZH_T47_1998A_028:0932a14_14	悟亦只如是。	028	悟 亦 只 如 是  
ZH_T47_1998A_028:0932a15_1	迷亦只如是。	028	迷 亦 只 如 是  
ZH_T47_1998A_028:0932a15_7	疑亦只如是。	028	疑 亦 只 如 是  
ZH_T47_1998A_028:0932a15_13	生亦只如是。	028	生 亦 只 如 是  
ZH_T47_1998A_028:0932a15_19	死亦只如是。	028	死 亦 只 如 是  
ZH_T47_1998A_028:0932a16_9	日用塵勞中亦只如是。	028	日 用 塵 勞 中 亦 只 如 是  
ZH_T47_1998A_028:0932a17_3	死後斷滅不斷滅亦只如是。	028	死 後 斷 滅 不 斷 滅 亦 只 如 是  
ZH_T47_1998A_028:0932a17_14	在朝廷作從官亦只如是。	028	在 朝 廷 作 從 官 亦 只 如 是  
ZH_T47_1998A_028:0932a18_5	宮觀在靜處亦只如是。	028	宮 觀 在 靜 處 亦 只 如 是  
ZH_T47_1998A_028:0932a19_2	住徑山一千七百眾圍遶亦只如是。	028	住 徑 山 一 千 七 百 眾 圍 遶 亦 只 如 是  
ZH_T47_1998A_028:0932a19_12	編管在衡州亦只如是。	028	編 管 在 衡 州 亦 只 如 是  
ZH_T47_1998A_028:0932a20_1	居仁還信得及麼。	028	居 仁 還 信 得 及 麼  
ZH_T47_1998A_028:0932a20_9	信得及亦只如是。	028	信 得 及 亦 只 如 是  
ZH_T47_1998A_028:0932a20_17	信不及亦只如是。	028	信 不 及 亦 只 如 是  
ZH_T47_1998A_028:0932a21_2	畢竟如何。	028	畢 竟 如 何  
ZH_T47_1998A_028:0932a21_7	如是如是。	028	如是如是  
ZH_T47_1998A_028:0932a21_14	如是亦只如是。	028	如 是 亦 只 如 是  
ZH_T47_1998A_028:0932a23_6	答汪狀元答汪狀元聖錫左右妙年自立。	028	答 汪 狀 元 答 汪 狀 元 聖 錫 左 右 妙 年 自 立  
ZH_T47_1998A_028:0932a23_15	便在一切人頂𩕳上。	028	便 在 一 切 人 頂 𩕳 上  
ZH_T47_1998A_028:0932a24_4	不為富貴所籠羅。	028	不 為 富 貴 所 籠 羅  
ZH_T47_1998A_028:0932a24_14	非百劫千生願力所持。	028	非 百 劫 千 生 願 力 所 持  
ZH_T47_1998A_028:0932a24_19	焉能致是。	028	焉 能 致 是  
ZH_T47_1998A_028:0932a25_9	又能切切於此一大事。	028	又 能 切 切 於 此 一 大 事  
ZH_T47_1998A_028:0932a25_15	念念不退轉。	028	念 念 不 退 轉  
ZH_T47_1998A_028:0932a26_5	有決定信具決定志。	028	有 決 定 信 具 決 定 志  
ZH_T47_1998A_028:0932a26_13	此豈淺丈夫所能。	028	此 豈 淺 丈 夫 所 能  
ZH_T47_1998A_028:0932a26_18	老瞿曇云。	028	老 瞿 曇 云  
ZH_T47_1998A_028:0932a27_4	唯此一事實。	028	唯 此 一 事 實  
ZH_T47_1998A_028:0932a27_10	餘二則非真。	028	餘 二 則 非 真  
ZH_T47_1998A_028:0932a27_17	請著鞭不可忽。	028	請 著 鞭 不 可 忽  
ZH_T47_1998A_028:0932a28_4	世間事只這是。	028	世 間 事 只 這 是  
ZH_T47_1998A_028:0932a28_11	先聖豈不云乎。	028	先 聖 豈 不 云 乎  
ZH_T47_1998A_028:0932a28_19	朝聞道夕死可矣。	028	朝 聞 道 夕 死 可 矣  
ZH_T47_1998A_028:0932a29_7	不知聞底是何道。	028	不 知 聞 底 是 何 道  
ZH_T47_1998A_028:0932a29_15	到這裏豈容眨眼。	028	到 這 裏 豈 容 眨 眼  
ZH_T47_1998A_028:0932b01_9	不可更引吾道一以貫之去也。	028	不 可 更 引 吾 道 一 以 貫 之 去 也  
ZH_T47_1998A_028:0932b01_15	須自信自悟。	028	須 自 信 自 悟  
ZH_T47_1998A_028:0932b02_5	說得底終是無憑據。	028	說 得 底 終 是 無 憑 據  
ZH_T47_1998A_028:0932b02_9	自見得。	028	自 見 得  
ZH_T47_1998A_028:0932b02_13	自悟得。	028	自 悟 得  
ZH_T47_1998A_028:0932b02_19	自信得及了。	028	自 信 得 及 了  
ZH_T47_1998A_028:0932b03_3	說不得。	028	說 不 得  
ZH_T47_1998A_028:0932b03_8	形容不出。	028	形 容 不 出  
ZH_T47_1998A_028:0932b03_12	却不妨。	028	却 不 妨  
ZH_T47_1998A_028:0932b04_9	只怕說得似形容得似却不見却不悟者。	028	只 怕 說 得 似 形 容 得 似 却 不 見 却 不 悟 者  
ZH_T47_1998A_028:0932b05_1	老瞿曇指為增上慢人。	028	老 瞿 曇 指 為 增上慢人  
ZH_T47_1998A_028:0932b05_9	亦謂之謗般若人。	028	亦 謂 之 謗 般 若 人  
ZH_T47_1998A_028:0932b05_17	亦謂之大妄語人。	028	亦 謂 之 大 妄 語 人  
ZH_T47_1998A_028:0932b06_6	亦謂之斷佛慧命人。	028	亦 謂 之 斷 佛 慧 命 人  
ZH_T47_1998A_028:0932b06_15	千佛出世不通懺悔。	028	千 佛 出 世 不 通 懺 悔  
ZH_T47_1998A_028:0932b07_6	若透得狗子無佛性話。	028	若 透 得 狗 子 無 佛 性 話  
ZH_T47_1998A_028:0932b07_11	這般說話。	028	這 般 說 話  
ZH_T47_1998A_028:0932b07_17	却成妄語矣。	028	却 成 妄 語 矣  
ZH_T47_1998A_028:0932b08_7	而今不可便作妄語會。	028	而 今 不 可 便 作 妄 語 會  
ZH_T47_1998A_028:0932b08_16	呂居仁比連收兩書。	028	呂 居 仁 比 連 收 兩 書  
ZH_T47_1998A_028:0932b09_2	書中皆云。	028	書 中 皆 云  
ZH_T47_1998A_028:0932b09_9	夏中答隆禮書。	028	夏 中 答 隆 禮 書  
ZH_T47_1998A_028:0932b09_18	常置座右以得為期。	028	常 置 座 右 以 得 為 期  
ZH_T47_1998A_028:0932b10_1	又聞。	028	又 聞  
ZH_T47_1998A_028:0932b10_7	嘗錄呈左右。	028	嘗 錄 呈 左 右  
ZH_T47_1998A_028:0932b10_16	近世貴公子似渠者。	028	近 世 貴 公 子 似 渠 者  
ZH_T47_1998A_028:0932b11_6	如優曇鉢華時一現耳。	028	如 優 曇 鉢 華 時 一 現 耳  
ZH_T47_1998A_028:0932b11_18	頃在山頭每與公說這般話。	028	頃 在 山 頭 每 與 公 說 這 般 話  
ZH_T47_1998A_028:0932b12_13	見公眼目定動領覽得九分九𣯛。	028	見 公 眼 目 定 動 領 覽 得 九 分 九 𣯛  
ZH_T47_1998A_028:0932b13_3	只欠㘞地一下爾。	028	只 欠 㘞 地 一 下 爾  
ZH_T47_1998A_028:0932b13_11	若得㘞地一下了。	028	若 得 㘞 地 一 下 了  
ZH_T47_1998A_028:0932b13_18	儒即釋釋即儒。	028	儒 即 釋 釋 即 儒  
ZH_T47_1998A_028:0932b14_5	僧即俗俗即僧。	028	僧 即 俗 俗 即 僧  
ZH_T47_1998A_028:0932b14_12	凡即聖聖即凡。	028	凡 即 聖 聖 即 凡  
ZH_T47_1998A_028:0932b14_19	我即爾爾即我。	028	我 即 爾 爾 即 我  
ZH_T47_1998A_028:0932b15_6	天即地地即天。	028	天 即 地 地 即 天  
ZH_T47_1998A_028:0932b15_13	波即水水即波。	028	波 即 水 水 即 波  
ZH_T47_1998A_028:0932b16_3	酥酪醍醐攪成一味。	028	酥 酪 醍 醐 攪 成 一 味  
ZH_T47_1998A_028:0932b16_12	缾盤釵釧鎔成一金。	028	缾 盤 釵 釧 鎔 成 一 金  
ZH_T47_1998A_028:0932b16_18	在我不在人。	028	在 我 不 在 人  
ZH_T47_1998A_028:0932b17_5	得到這箇田地。	028	得 到 這 箇 田 地  
ZH_T47_1998A_028:0932b17_10	由我指揮。	028	由 我 指 揮  
ZH_T47_1998A_028:0932b18_2	所謂我為法王於法自在。	028	所 謂 我 為 法 王 於 法 自 在  
ZH_T47_1998A_028:0932b18_11	得失是非焉有罣礙。	028	得 失 是 非 焉 有 罣 礙  
ZH_T47_1998A_028:0932b19_2	不是彊為法如是故也。	028	不 是 彊 為 法 如 是 故 也  
ZH_T47_1998A_028:0932b19_7	此箇境界。	028	此 箇 境 界  
ZH_T47_1998A_028:0932b19_13	除無垢老子。	028	除 無 垢 老 子  
ZH_T47_1998A_028:0932b20_1	他人如何信得及。	028	他 人 如 何 信 得 及  
ZH_T47_1998A_028:0932b20_6	縱信得及。	028	縱 信 得 及  
ZH_T47_1998A_028:0932b20_12	如何得入手。	028	如 何 得 入 手  
ZH_T47_1998A_028:0932b20_19	左右已信得及。	028	左 右 已 信 得 及  
ZH_T47_1998A_028:0932b21_3	已覷得見。	028	已 覷 得 見  
ZH_T47_1998A_028:0932b21_8	已能分別。	028	已 能 分 別  
ZH_T47_1998A_028:0932b21_13	是邪是正。	028	是 邪 是 正  
ZH_T47_1998A_028:0932b21_20	但未得入手耳。	028	但 未 得 入 手 耳  
ZH_T47_1998A_028:0932b22_12	得入手時一分老少不在智愚。	028	得 入 手 時 一 分 老 少 不 在 智 愚  
ZH_T47_1998A_028:0932b23_3	如將梵位直授凡庸。	028	如 將 梵 位 直 授 凡 庸  
ZH_T47_1998A_028:0932b23_10	更無階級次第。	028	更 無 階 級 次 第  
ZH_T47_1998A_028:0932b24_5	永嘉所謂一超直入如來地是也。	028	永 嘉 所 謂 一 超 直 入如來地 是 也  
ZH_T47_1998A_028:0932b24_13	但相聽決不相誤。	028	但 相 聽 決 不 相 誤  
ZH_T47_1998A_028:0932b25_1	又。	028	又  
ZH_T47_1998A_028:0932b26_5	某萬緣休罷。	028	某 萬 緣 休 罷  
ZH_T47_1998A_028:0932b26_11	日用只如此。	028	日 用 只 如 此  
ZH_T47_1998A_028:0932b26_16	無煩軫念。	028	無 煩 軫 念  
ZH_T47_1998A_028:0932b27_6	左右分上欠少箇甚麼。	028	左 右 分 上 欠 少 箇 甚 麼  
ZH_T47_1998A_028:0932b27_11	在世界上。	028	在 世 界 上  
ZH_T47_1998A_028:0932b27_18	可謂千足萬足。	028	可 謂 千 足 萬 足  
ZH_T47_1998A_028:0932b28_10	苟能於此箇門中翻身一擲。	028	苟 能 於 此 箇 門 中 翻 身 一 擲  
ZH_T47_1998A_028:0932b29_8	何止腰纏十萬貫騎鶴上揚州而已哉。	028	何 止 腰 纏 十 萬 貫 騎 鶴 上 揚 州 而 已 哉  
ZH_T47_1998A_028:0932b29_15	昔楊文公大年。	028	昔 楊 文 公 大 年  
ZH_T47_1998A_028:0932c01_5	三十歲見廣慧璉公。	028	三 十 歲 見 廣 慧 璉 公  
ZH_T47_1998A_028:0932c01_12	除去礙膺之物。	028	除 去 礙 膺 之 物  
ZH_T47_1998A_028:0932c02_4	自是已後在朝廷居田里。	028	自 是 已 後 在 朝 廷 居 田 里  
ZH_T47_1998A_028:0932c02_9	始終一節。	028	始 終 一 節  
ZH_T47_1998A_028:0932c02_16	不為功名所移。	028	不 為 功 名 所 移  
ZH_T47_1998A_028:0932c03_3	不為富貴所奪。	028	不 為 富 貴 所 奪  
ZH_T47_1998A_028:0932c03_13	亦非有意輕功名富貴。	028	亦 非 有 意 輕 功 名 富 貴  
ZH_T47_1998A_028:0932c03_18	道之所在。	028	道 之 所 在  
ZH_T47_1998A_028:0932c04_4	法如是故也。	028	法 如 是 故 也  
ZH_T47_1998A_028:0932c04_8	趙州云。	028	趙 州 云  
ZH_T47_1998A_028:0932c04_16	諸人被十二時使。	028	諸 人 被 十 二 時 使  
ZH_T47_1998A_028:0932c05_4	老僧使得十二時。	028	老 僧 使 得 十 二 時  
ZH_T47_1998A_028:0932c05_9	此老此說。	028	此 老 此 說  
ZH_T47_1998A_028:0932c05_14	非是彊為。	028	非 是 彊 為  
ZH_T47_1998A_028:0932c06_1	亦法如是故也。	028	亦 法 如 是 故 也  
ZH_T47_1998A_028:0932c06_10	大率為學為道一也。	028	大 率 為 學 為 道 一 也  
ZH_T47_1998A_028:0932c07_6	而今學者往往以仁義禮智信為學。	028	而 今 學 者 往 往 以 仁 義 禮 智 信 為 學  
ZH_T47_1998A_028:0932c08_2	以格物忠恕一以貫之之類為道。	028	以 格 物 忠 恕 一 以 貫 之 之 類 為 道  
ZH_T47_1998A_028:0932c08_11	只管如摶謎子相似。	028	只 管 如 摶 謎 子 相 似  
ZH_T47_1998A_028:0932c09_3	又如眾盲摸象各說異端。	028	又 如 眾 盲 摸 象 各 說 異 端  
ZH_T47_1998A_028:0932c09_8	釋不云乎。	028	釋 不 云 乎  
ZH_T47_1998A_028:0932c09_13	以思惟心。	028	以 思 惟 心  
ZH_T47_1998A_028:0932c10_2	測度如來圓覺境界。	028	測 度 如 來 圓 覺 境 界  
ZH_T47_1998A_028:0932c10_11	如取螢火燒須彌山。	028	如 取 螢 火 燒 須 彌 山  
ZH_T47_1998A_028:0932c11_4	臨生死禍福之際都不得力。	028	臨 生 死 禍 福 之 際 都 不 得 力  
ZH_T47_1998A_028:0932c11_9	蓋由此也。	028	蓋 由 此 也  
ZH_T47_1998A_028:0932c11_13	楊子云。	028	楊 子 云  
ZH_T47_1998A_028:0932c12_1	學者所以修性。	028	學 者 所 以 修 性  
ZH_T47_1998A_028:0932c12_6	性即道也。	028	性 即 道 也  
ZH_T47_1998A_028:0932c12_12	黃面老子云。	028	黃 面 老 子 云  
ZH_T47_1998A_028:0932c12_18	性成無上道。	028	性 成 無 上 道  
ZH_T47_1998A_028:0932c13_1	圭峯云。	028	圭 峯 云  
ZH_T47_1998A_028:0932c13_6	作有義事。	028	作 有 義 事  
ZH_T47_1998A_028:0932c13_11	是惺悟心。	028	是 惺 悟 心  
ZH_T47_1998A_028:0932c13_16	作無義事。	028	作 無 義 事  
ZH_T47_1998A_028:0932c14_1	是狂亂心。	028	是 狂 亂 心  
ZH_T47_1998A_028:0932c14_7	狂亂由情念。	028	狂 亂 由 情 念  
ZH_T47_1998A_028:0932c14_18	臨終被業牽惺悟不由情。	028	臨 終 被 業 牽 惺 悟 不 由 情  
ZH_T47_1998A_028:0932c15_4	臨終能轉業。	028	臨 終 能 轉 業  
ZH_T47_1998A_028:0932c15_9	所謂義者。	028	所 謂 義 者  
ZH_T47_1998A_028:0932c15_15	是義理之義。	028	是 義 理 之 義  
ZH_T47_1998A_028:0932c16_2	非仁義之義。	028	非 仁 義 之 義  
ZH_T47_1998A_028:0932c16_7	而今看來。	028	而 今 看 來  
ZH_T47_1998A_028:0932c17_1	這老子亦未免析虛空為兩處。	028	這 老 子 亦 未 免 析 虛 空 為 兩 處  
ZH_T47_1998A_028:0932c17_7	仁乃性之仁。	028	仁 乃 性 之 仁  
ZH_T47_1998A_028:0932c17_13	義乃性之義。	028	義 乃 性 之 義  
ZH_T47_1998A_028:0932c17_19	禮乃性之禮。	028	禮 乃 性 之 禮  
ZH_T47_1998A_028:0932c18_4	智乃性之智。	028	智 乃 性 之 智  
ZH_T47_1998A_028:0932c18_10	信乃性之信。	028	信 乃 性 之 信  
ZH_T47_1998A_028:0932c18_18	義理之義亦性也。	028	義 理 之 義 亦 性 也  
ZH_T47_1998A_028:0932c19_3	作無義事。	028	作 無 義 事  
ZH_T47_1998A_028:0932c19_8	即背此性。	028	即 背 此 性  
ZH_T47_1998A_028:0932c19_13	作有義事。	028	作 有 義 事  
ZH_T47_1998A_028:0932c19_18	即順此性。	028	即 順 此 性  
ZH_T47_1998A_028:0932c20_3	然順背在人。	028	然 順 背 在 人  
ZH_T47_1998A_028:0932c20_8	不在性也。	028	不 在 性 也  
ZH_T47_1998A_028:0932c20_16	仁義禮智信在性。	028	仁 義 禮 智 信 在 性  
ZH_T47_1998A_028:0932c21_1	不在人也。	028	不 在 人 也  
ZH_T47_1998A_028:0932c21_6	人有賢愚。	028	人 有 賢 愚  
ZH_T47_1998A_028:0932c21_11	性即無也。	028	性 即 無 也  
ZH_T47_1998A_028:0932c22_4	若仁義禮智信在賢而不在愚。	028	若 仁 義 禮 智 信 在 賢 而 不 在 愚  
ZH_T47_1998A_028:0932c22_10	則聖人之道。	028	則 聖 人 之 道  
ZH_T47_1998A_028:0932c22_17	有揀擇取捨矣。	028	有 揀 擇 取 捨 矣  
ZH_T47_1998A_028:0932c23_7	如天降雨擇地而下矣。	028	如 天 降 雨 擇 地 而 下 矣  
ZH_T47_1998A_028:0932c23_11	所以云。	028	所 以 云  
ZH_T47_1998A_028:0932c23_19	仁義禮智信在性。	028	仁 義 禮 智 信 在 性  
ZH_T47_1998A_028:0932c24_5	而不在人也。	028	而 不 在 人 也  
ZH_T47_1998A_028:0932c24_12	賢愚順背在人。	028	賢 愚 順 背 在 人  
ZH_T47_1998A_028:0932c25_10	而不在性也楊子所謂修性性亦不可修。	028	而 不 在 性 也 楊 子 所 謂 修 性 性 亦 不 可 修  
ZH_T47_1998A_028:0932c25_18	亦順背賢愚而已。	028	亦 順 背 賢 愚 而 已  
ZH_T47_1998A_028:0932c26_10	圭峯所謂惺悟狂亂是也。	028	圭 峯 所 謂 惺 悟 狂 亂 是 也  
ZH_T47_1998A_028:0932c27_9	趙州所謂使得十二時被十二時使是也。	028	趙 州 所 謂 使 得 十 二 時 被 十 二 時 使 是 也  
ZH_T47_1998A_028:0932c28_4	若識得仁義禮智信之性起處。	028	若 識 得 仁 義 禮 智 信 之 性 起 處  
ZH_T47_1998A_028:0932c28_18	則格物忠恕一以貫之在其中矣。	028	則 格 物 忠 恕 一 以 貫 之 在 其 中 矣  
ZH_T47_1998A_028:0932c29_4	肇法師云。	028	肇 法 師 云  
ZH_T47_1998A_028:0932c29_10	能天能人者。	028	能 天 能 人 者  
ZH_T47_1998A_028:0932c29_18	豈天人之所能哉。	028	豈 天 人 之 所 能 哉  
ZH_T47_1998A_028:0933a01_2	所以云。	028	所 以 云  
ZH_T47_1998A_028:0933a01_9	為學為道一也。	028	為 學 為 道 一 也  
ZH_T47_1998A_028:0933a01_16	大率聖人設教。	028	大 率 聖 人 設 教  
ZH_T47_1998A_028:0933a02_3	不求名不伐功。	028	不 求 名 不 伐 功  
ZH_T47_1998A_028:0933a02_9	如春行花木。	028	如 春 行 花 木  
ZH_T47_1998A_028:0933a02_14	具此性者。	028	具 此 性 者  
ZH_T47_1998A_028:0933a03_2	時節因緣到來。	028	時 節 因 緣 到 來  
ZH_T47_1998A_028:0933a03_8	各各不相知。	028	各 各 不 相 知  
ZH_T47_1998A_028:0933a03_19	隨其根性大小方圓長短。	028	隨 其 根 性 大 小 方 圓 長 短  
ZH_T47_1998A_028:0933a04_4	或青或黃。	028	或 青 或 黃  
ZH_T47_1998A_028:0933a04_9	或紅或綠。	028	或 紅 或 綠  
ZH_T47_1998A_028:0933a04_14	或臭或香。	028	或 臭 或 香  
ZH_T47_1998A_028:0933a04_19	同時發作。	028	同 時 發 作  
ZH_T47_1998A_028:0933a05_6	非春能大能小。	028	非 春 能 大 能 小  
ZH_T47_1998A_028:0933a05_11	能方能圓。	028	能 方 能 圓  
ZH_T47_1998A_028:0933a05_16	能長能短。	028	能 長 能 短  
ZH_T47_1998A_028:0933a06_2	能青能黃。	028	能 青 能 黃  
ZH_T47_1998A_028:0933a06_7	能紅能綠。	028	能 紅 能 綠  
ZH_T47_1998A_028:0933a06_12	能臭能香。	028	能 臭 能 香  
ZH_T47_1998A_028:0933a06_19	此皆本有之性。	028	此 皆 本 有 之 性  
ZH_T47_1998A_028:0933a07_5	遇緣而發耳。	028	遇 緣 而 發 耳  
ZH_T47_1998A_028:0933a07_9	百丈云。	028	百 丈 云  
ZH_T47_1998A_028:0933a07_15	欲識佛性義。	028	欲 識 佛 性 義  
ZH_T47_1998A_028:0933a08_3	當觀時節因緣。	028	當 觀 時 節 因 緣  
ZH_T47_1998A_028:0933a08_8	時節若至。	028	時 節 若 至  
ZH_T47_1998A_028:0933a08_13	其理自彰。	028	其 理 自 彰  
ZH_T47_1998A_028:0933a09_2	又讓師謂馬師曰。	028	又 讓 師 謂 馬 師 曰  
ZH_T47_1998A_028:0933a09_9	汝學心地法門。	028	汝 學 心 地 法 門  
ZH_T47_1998A_028:0933a09_14	如下種子。	028	如 下 種 子  
ZH_T47_1998A_028:0933a09_19	我說法要。	028	我 說 法 要  
ZH_T47_1998A_028:0933a10_4	譬彼天澤。	028	譬 彼 天 澤  
ZH_T47_1998A_028:0933a10_13	汝緣合故當見其道。	028	汝 緣 合 故 當 見 其 道  
ZH_T47_1998A_028:0933a10_17	所以云。	028	所 以 云  
ZH_T47_1998A_028:0933a11_3	聖人設教。	028	聖 人 設 教  
ZH_T47_1998A_028:0933a11_10	不求名不伐功。	028	不 求 名 不 伐 功  
ZH_T47_1998A_028:0933a12_2	只令學者見性成道而已。	028	只 令 學 者 見 性 成 道 而 已  
ZH_T47_1998A_028:0933a12_8	無垢老子云。	028	無 垢 老 子 云  
ZH_T47_1998A_028:0933a12_17	道在一芥則一芥重。	028	道 在 一 芥 則 一 芥 重  
ZH_T47_1998A_028:0933a13_8	道在天下則天下重是也。	028	道 在 天 下 則 天 下 重 是 也  
ZH_T47_1998A_028:0933a13_17	左右甞升無垢之堂。	028	左 右 甞 升 無 垢 之 堂  
ZH_T47_1998A_028:0933a14_4	而未入其室。	028	而 未 入 其 室  
ZH_T47_1998A_028:0933a14_13	見其表而未見其裏。	028	見 其 表 而 未 見 其 裏  
ZH_T47_1998A_028:0933a14_18	百歲光陰。	028	百 歲 光 陰  
ZH_T47_1998A_028:0933a15_5	只在一剎那間。	028	只 在 一 剎 那 間  
ZH_T47_1998A_028:0933a15_11	剎那間悟去。	028	剎 那 間 悟 去  
ZH_T47_1998A_028:0933a16_2	如上所說者皆非實義。	028	如上所說 者 皆 非 實 義  
ZH_T47_1998A_028:0933a16_7	然既悟了。	028	然 既 悟 了  
ZH_T47_1998A_028:0933a16_14	以為實亦在我。	028	以 為 實 亦 在 我  
ZH_T47_1998A_028:0933a17_2	以為非實亦在我。	028	以 為 非 實 亦 在 我  
ZH_T47_1998A_028:0933a17_8	如水上葫蘆。	028	如 水 上 葫 蘆  
ZH_T47_1998A_028:0933a17_13	無人動著。	028	無 人 動 著  
ZH_T47_1998A_028:0933a17_18	常蕩蕩地。	028	常 蕩 蕩 地  
ZH_T47_1998A_028:0933a18_2	觸著便動。	028	觸 著 便 動  
ZH_T47_1998A_028:0933a18_10	捺著便轉轆轆地。	028	捺 著 便 轉 轆 轆 地  
ZH_T47_1998A_028:0933a18_15	非是彊為。	028	非 是 彊 為  
ZH_T47_1998A_028:0933a19_2	亦法如是故也。	028	亦 法 如 是 故 也  
ZH_T47_1998A_028:0933a19_11	趙州狗子無佛性話。	028	趙 州 狗 子 無 佛 性 話  
ZH_T47_1998A_028:0933a20_9	左右如人捕賊已知窩盤處但未捉著耳。	028	左 右 如 人 捕 賊 已 知 窩 盤 處 但 未 捉 著 耳  
ZH_T47_1998A_028:0933a20_15	請快著精彩。	028	請 快 著 精 彩  
ZH_T47_1998A_028:0933a21_3	不得有少間斷。	028	不 得 有 少 間 斷  
ZH_T47_1998A_028:0933a21_12	時時向行住坐臥處。	028	時 時 向 行住坐臥處  
ZH_T47_1998A_028:0933a21_18	看讀書史處。	028	看 讀 書 史 處  
ZH_T47_1998A_028:0933a22_6	修仁義禮智信處。	028	修 仁 義 禮 智 信 處  
ZH_T47_1998A_028:0933a22_12	侍奉尊長處。	028	侍 奉 尊 長 處  
ZH_T47_1998A_028:0933a22_18	提誨學者處。	028	提 誨 學 者 處  
ZH_T47_1998A_028:0933a23_4	喫粥喫飯處。	028	喫 粥 喫 飯 處  
ZH_T47_1998A_028:0933a23_9	與之廝崖。	028	與 之 廝 崖  
ZH_T47_1998A_028:0933a23_16	忽然打失布袋。	028	忽 然 打 失 布 袋  
ZH_T47_1998A_028:0933a24_1	夫復何言。	028	夫 復 何 言  
ZH_T47_1998A_028:0933a26_2	答宗直閣答宗直閣示諭。	028	答 宗 直 閣 答 宗 直 閣 示 諭  
ZH_T47_1998A_028:0933a26_11	應緣日涉差別境界。	028	應 緣 日 涉 差 別 境 界  
ZH_T47_1998A_028:0933a26_19	未甞不在佛法中。	028	未 甞 不 在 佛 法 中  
ZH_T47_1998A_028:0933a27_8	又於日用動容之間。	028	又 於 日 用 動 容 之 間  
ZH_T47_1998A_028:0933a27_16	以狗子無佛性話。	028	以 狗 子 無 佛 性 話  
ZH_T47_1998A_028:0933a28_2	破除情塵。	028	破 除 情 塵  
ZH_T47_1998A_028:0933a28_9	若作如是工夫。	028	若 作 如 是 工 夫  
ZH_T47_1998A_028:0933a28_16	恐卒未得悟入。	028	恐 卒 未 得 悟 入  
ZH_T47_1998A_028:0933a29_4	請於脚跟下照顧。	028	請 於 脚 跟 下 照 顧  
ZH_T47_1998A_028:0933a29_14	差別境界從甚麼處起。	028	差 別 境 界 從 甚 麼 處 起  
ZH_T47_1998A_028:0933b01_2	動容周旋之間。	028	動 容 周 旋 之 間  
ZH_T47_1998A_028:0933b01_12	如何以狗子無佛性話。	028	如 何 以 狗 子 無 佛 性 話  
ZH_T47_1998A_028:0933b01_17	破除情塵。	028	破 除 情 塵  
ZH_T47_1998A_028:0933b02_5	能知破除情塵者。	028	能 知 破 除 情 塵 者  
ZH_T47_1998A_028:0933b02_10	又是阿誰。	028	又 是 阿 誰  
ZH_T47_1998A_028:0933b02_15	佛不云乎。	028	佛 不 云 乎  
ZH_T47_1998A_028:0933b03_4	眾生顛倒迷己逐物。	028	眾 生 顛 倒 迷 己 逐 物  
ZH_T47_1998A_028:0933b03_10	物本無自性。	028	物 本 無 自 性  
ZH_T47_1998A_028:0933b03_18	迷己者自逐之耳。	028	迷 己 者 自 逐 之 耳  
ZH_T47_1998A_028:0933b04_5	境界本無差別。	028	境 界 本 無 差 別  
ZH_T47_1998A_028:0933b04_13	迷己者自差別耳。	028	迷 己 者 自 差 別 耳  
ZH_T47_1998A_028:0933b05_2	既日涉差別境界。	028	既 日 涉 差 別 境 界  
ZH_T47_1998A_028:0933b05_8	又在佛法中。	028	又 在 佛 法 中  
ZH_T47_1998A_028:0933b05_14	既在佛法中。	028	既 在 佛 法 中  
ZH_T47_1998A_028:0933b06_1	則非差別境界。	028	則 非 差 別 境 界  
ZH_T47_1998A_028:0933b06_9	既在差別境界中。	028	既 在 差 別 境 界 中  
ZH_T47_1998A_028:0933b06_15	則非佛法矣。	028	則 非 佛 法 矣  
ZH_T47_1998A_028:0933b07_1	拈一放一。	028	拈 一 放 一  
ZH_T47_1998A_028:0933b07_6	有甚了期。	028	有 甚 了 期  
ZH_T47_1998A_028:0933b07_16	廣額屠兒在涅槃會上。	028	廣 額 屠 兒 在 涅 槃 會 上  
ZH_T47_1998A_028:0933b08_6	放下屠刀立地便成佛。	028	放 下 屠 刀 立 地 便 成 佛  
ZH_T47_1998A_028:0933b08_16	豈有許多忉忉怛怛來。	028	豈 有 許 多 忉 忉 怛 怛 來  
ZH_T47_1998A_028:0933b09_3	日用應緣處。	028	日 用 應 緣 處  
ZH_T47_1998A_028:0933b09_12	纔覺涉差別境界時。	028	纔 覺 涉 差 別 境 界 時  
ZH_T47_1998A_028:0933b09_19	但只就差別處。	028	但 只 就 差 別 處  
ZH_T47_1998A_028:0933b10_7	舉狗子無佛性話。	028	舉 狗 子 無 佛 性 話  
ZH_T47_1998A_028:0933b10_14	不用作破除想。	028	不 用 作 破 除 想  
ZH_T47_1998A_028:0933b11_2	不用作情塵想。	028	不 用 作 情 塵 想  
ZH_T47_1998A_028:0933b11_9	不用作差別想。	028	不 用 作 差 別 想  
ZH_T47_1998A_028:0933b11_16	不用作佛法想。	028	不 用 作 佛 法 想  
ZH_T47_1998A_028:0933b12_6	但只看狗子無佛性話。	028	但 只 看 狗 子 無 佛 性 話  
ZH_T47_1998A_028:0933b12_13	但只舉箇無字。	028	但 只 舉 箇 無 字  
ZH_T47_1998A_028:0933b13_2	亦不用存心等悟。	028	亦 不 用 存 心 等 悟  
ZH_T47_1998A_028:0933b13_8	若存心等悟。	028	若 存 心 等 悟  
ZH_T47_1998A_028:0933b13_15	則境界也差別。	028	則 境 界 也 差 別  
ZH_T47_1998A_028:0933b14_1	佛法也差別。	028	佛 法 也 差 別  
ZH_T47_1998A_028:0933b14_7	情塵也差別。	028	情 塵 也 差 別  
ZH_T47_1998A_028:0933b14_17	狗子無佛性話也差別。	028	狗 子 無 佛 性 話 也 差 別  
ZH_T47_1998A_028:0933b15_4	間斷處也差別。	028	間 斷 處 也 差 別  
ZH_T47_1998A_028:0933b15_12	無間斷處也差別。	028	無 間 斷 處 也 差 別  
ZH_T47_1998A_028:0933b16_8	遭情塵惑亂身心不安樂處也差別。	028	遭 情 塵 惑 亂 身 心 不 安 樂 處 也 差 別  
ZH_T47_1998A_028:0933b17_1	能知許多差別底亦差別。	028	能 知 許 多 差 別 底 亦 差 別  
ZH_T47_1998A_028:0933b17_7	若要除此病。	028	若 要 除 此 病  
ZH_T47_1998A_028:0933b17_14	但只看箇無字。	028	但 只 看 箇 無 字  
ZH_T47_1998A_028:0933b17_18	但只看。	028	但 只 看  
ZH_T47_1998A_028:0933b18_7	廣額屠兒放下屠刀云。	028	廣 額 屠 兒 放 下 屠 刀 云  
ZH_T47_1998A_028:0933b18_14	我是千佛一數。	028	我 是 千 佛 一 數  
ZH_T47_1998A_028:0933b18_19	是實是虛。	028	是 實 是 虛  
ZH_T47_1998A_028:0933b19_6	若作虛實商量。	028	若 作 虛 實 商 量  
ZH_T47_1998A_028:0933b19_17	又打入差別境界上去也。	028	又 打 入 差 別 境 界 上 去 也  
ZH_T47_1998A_028:0933b20_5	不如一刀兩段。	028	不 如 一 刀 兩 段  
ZH_T47_1998A_028:0933b20_12	不得念後思前。	028	不 得 念 後 思 前  
ZH_T47_1998A_028:0933b21_3	念後思前則又差別矣。	028	念 後 思 前 則 又 差 別 矣  
ZH_T47_1998A_028:0933b21_7	玄沙云。	028	玄 沙 云  
ZH_T47_1998A_028:0933b21_14	此事限約不得。	028	此 事 限 約 不 得  
ZH_T47_1998A_028:0933b21_19	心思路絕。	028	心 思 路 絕  
ZH_T47_1998A_028:0933b22_8	不因莊嚴本來真靜。	028	不 因 莊 嚴 本 來 真 靜  
ZH_T47_1998A_028:0933b22_17	動用語笑隨處明了。	028	動 用 語 笑 隨 處 明 了  
ZH_T47_1998A_028:0933b23_3	更無欠少。	028	更 無 欠 少  
ZH_T47_1998A_028:0933b23_13	今時人不悟箇中道理。	028	今 時 人 不 悟 箇 中 道 理  
ZH_T47_1998A_028:0933b24_1	妄自涉事涉塵。	028	妄 自 涉 事 涉 塵  
ZH_T47_1998A_028:0933b24_6	處處染著。	028	處 處 染 著  
ZH_T47_1998A_028:0933b24_11	頭頭繫絆。	028	頭 頭 繫 絆  
ZH_T47_1998A_028:0933b24_19	縱悟則塵境紛紜。	028	縱 悟 則 塵 境 紛 紜  
ZH_T47_1998A_028:0933b25_4	名相不實。	028	名 相 不 實  
ZH_T47_1998A_028:0933b25_11	便擬凝心歛念。	028	便 擬 凝 心 歛 念  
ZH_T47_1998A_028:0933b25_16	攝事歸空。	028	攝 事 歸 空  
ZH_T47_1998A_028:0933b26_1	閉目藏睛。	028	閉 目 藏 睛  
ZH_T47_1998A_028:0933b26_6	隨有念起。	028	隨 有 念 起  
ZH_T47_1998A_028:0933b26_11	旋旋破除。	028	旋 旋 破 除  
ZH_T47_1998A_028:0933b26_16	細想纔生。	028	細 想 纔 生  
ZH_T47_1998A_028:0933b27_1	即便遏捺。	028	即 便 遏 捺  
ZH_T47_1998A_028:0933b27_6	如此見解。	028	如 此 見 解  
ZH_T47_1998A_028:0933b27_15	即是落空亡底外道。	028	即 是 落 空 亡 底 外 道  
ZH_T47_1998A_028:0933b28_2	魂不散底死人。	028	魂 不 散 底 死 人  
ZH_T47_1998A_028:0933b28_11	溟溟漠漠無覺無知。	028	溟 溟 漠 漠 無 覺 無 知  
ZH_T47_1998A_028:0933b29_1	塞耳偷鈴徒自欺誑。	028	塞 耳 偷 鈴 徒 自 欺 誑  
ZH_T47_1998A_028:0933b29_8	左右來書云云。	028	左 右 來 書 云 云  
ZH_T47_1998A_028:0933b29_17	盡是玄沙所訶底病。	028	盡 是 玄 沙 所 訶 底 病  
ZH_T47_1998A_028:0933c01_7	默照邪師埋人底坑子。	028	默 照 邪 師 埋 人 底 坑 子  
ZH_T47_1998A_028:0933c01_13	不可不知也。	028	不 可 不 知 也  
ZH_T47_1998A_028:0933c02_6	舉話時都不用作許多伎倆。	028	舉 話 時 都 不 用 作 許 多 伎 倆  
ZH_T47_1998A_028:0933c02_17	但行住坐臥處勿令間斷。	028	但 行住坐臥處 勿 令 間 斷  
ZH_T47_1998A_028:0933c03_8	喜怒哀樂處莫生分別。	028	喜 怒 哀 樂 處 莫 生 分 別  
ZH_T47_1998A_028:0933c03_13	舉來舉去。	028	舉 來 舉 去  
ZH_T47_1998A_028:0933c03_18	看來看去。	028	看 來 看 去  
ZH_T47_1998A_028:0933c04_12	覺得沒理路沒滋味心頭熱悶時。	028	覺 得 沒 理 路 沒 滋 味 心 頭 熱 悶 時  
ZH_T47_1998A_028:0933c05_4	便是當人放身命處也。	028	便 是 當 人 放 身 命 處 也  
ZH_T47_1998A_028:0933c05_9	記取記取。	028	記 取 記 取  
ZH_T47_1998A_028:0933c05_19	莫見如此境界便退心。	028	莫 見 如 此 境 界 便 退 心  
ZH_T47_1998A_028:0933c06_14	如此境界正是成佛作祖底消息也。	028	如 此 境 界 正 是 成 佛 作 祖 底 消 息 也  
ZH_T47_1998A_028:0933c07_4	而今默照邪師輩。	028	而 今 默 照 邪 師 輩  
ZH_T47_1998A_028:0933c07_14	只以無言無說為極則。	028	只 以 無 言 無 說 為 極 則  
ZH_T47_1998A_028:0933c08_3	喚作威音那畔事。	028	喚 作 威 音 那 畔 事  
ZH_T47_1998A_028:0933c08_12	亦喚作空劫已前事。	028	亦 喚 作 空 劫 已 前 事  
ZH_T47_1998A_028:0933c08_18	不信有悟門。	028	不 信 有 悟 門  
ZH_T47_1998A_028:0933c09_3	以悟為誑。	028	以 悟 為 誑  
ZH_T47_1998A_028:0933c09_10	以悟為第二頭。	028	以 悟 為 第 二 頭  
ZH_T47_1998A_028:0933c09_17	以悟為方便語。	028	以 悟 為 方 便 語  
ZH_T47_1998A_028:0933c10_6	以悟為接引之辭。	028	以 悟 為 接 引 之 辭  
ZH_T47_1998A_028:0933c10_11	如此之徒。	028	如 此 之 徒  
ZH_T47_1998A_028:0933c10_16	謾人自謾。	028	謾 人 自 謾  
ZH_T47_1998A_028:0933c11_2	誤人自誤。	028	誤 人 自 誤  
ZH_T47_1998A_028:0933c11_8	亦不可不知。	028	亦 不 可 不 知  
ZH_T47_1998A_028:0933c11_15	日用四威儀中。	028	日 用 四 威 儀 中  
ZH_T47_1998A_028:0933c12_2	涉差別境界。	028	涉 差 別 境 界  
ZH_T47_1998A_028:0933c12_8	覺得省力時。	028	覺 得 省 力 時  
ZH_T47_1998A_028:0933c12_15	便是得力處也。	028	便 是 得 力 處 也  
ZH_T47_1998A_028:0933c13_2	得力處極省力。	028	得 力 處 極 省 力  
ZH_T47_1998A_028:0933c13_12	若用一毫毛氣力支撐。	028	若 用 一 毫 毛 氣 力 支 撐  
ZH_T47_1998A_028:0933c13_17	定是邪法。	028	定 是 邪 法  
ZH_T47_1998A_028:0933c14_2	非佛法也。	028	非 佛 法 也  
ZH_T47_1998A_028:0933c14_9	但辦取長遠心。	028	但 辦 取 長 遠 心  
ZH_T47_1998A_028:0933c14_17	與狗子無佛性話。	028	與 狗 子 無 佛 性 話  
ZH_T47_1998A_028:0933c15_4	廝崖崖來崖去。	028	廝 崖 崖 來 崖 去  
ZH_T47_1998A_028:0933c15_15	心無所之忽然如睡夢覺。	028	心 無 所 之 忽 然 如 睡 夢 覺  
ZH_T47_1998A_028:0933c16_1	如蓮華開。	028	如 蓮 華 開  
ZH_T47_1998A_028:0933c16_7	如披雲見日。	028	如 披 雲 見 日  
ZH_T47_1998A_028:0933c16_18	到恁麼時自然成一片矣。	028	到 恁 麼 時 自 然 成 一 片 矣  
ZH_T47_1998A_028:0933c17_7	但日用七顛八倒處。	028	但 日 用 七 顛 八 倒 處  
ZH_T47_1998A_028:0933c17_13	只看箇無字。	028	只 看 箇 無 字  
ZH_T47_1998A_028:0933c18_3	莫管悟不悟徹不徹。	028	莫 管 悟 不 悟 徹 不 徹  
ZH_T47_1998A_028:0933c18_14	三世諸佛只是箇無事人。	028	三世諸佛 只 是 箇 無 事 人  
ZH_T47_1998A_028:0933c19_7	諸代祖師亦只是箇無事人。	028	諸 代 祖 師 亦 只 是 箇 無 事 人  
ZH_T47_1998A_028:0933c19_11	古德云。	028	古 德 云  
ZH_T47_1998A_028:0933c19_19	但於事上通無事。	028	但 於 事 上 通 無 事  
ZH_T47_1998A_028:0933c20_7	見色聞聲不用聾。	028	見 色 聞 聲 不 用 聾  
ZH_T47_1998A_028:0933c20_12	又古德云。	028	又 古 德 云  
ZH_T47_1998A_028:0933c21_1	愚人除境不忘心。	028	愚 人 除 境 不 忘 心  
ZH_T47_1998A_028:0933c21_9	智者忘心不除境。	028	智 者 忘 心 不 除 境  
ZH_T47_1998A_028:0933c21_16	於一切處無心。	028	於 一 切 處 無 心  
ZH_T47_1998A_028:0933c22_7	則種種差別境界自無矣。	028	則 種種差別 境 界 自 無 矣  
ZH_T47_1998A_028:0933c22_13	而今士大夫。	028	而 今 士 大 夫  
ZH_T47_1998A_028:0933c23_3	多是急性便要會禪。	028	多 是 急 性 便 要 會 禪  
ZH_T47_1998A_028:0933c23_14	於經教上及祖師言句中。	028	於 經 教 上 及 祖 師 言 句 中  
ZH_T47_1998A_028:0933c24_3	摶量要說得分曉。	028	摶 量 要 說 得 分 曉  
ZH_T47_1998A_028:0933c24_7	殊不知。	028	殊 不 知  
ZH_T47_1998A_028:0933c24_11	分曉處。	028	分 曉 處  
ZH_T47_1998A_028:0933c24_19	却是不分曉底事。	028	却 是 不 分 曉 底 事  
ZH_T47_1998A_028:0933c25_5	若透得箇無字。	028	若 透 得 箇 無 字  
ZH_T47_1998A_028:0933c25_11	分曉不分曉。	028	分 曉 不 分 曉  
ZH_T47_1998A_028:0933c25_17	不著問人矣。	028	不 著 問 人 矣  
ZH_T47_1998A_028:0933c26_7	老漢教士大夫放教鈍。	028	老 漢 教 士 大 夫 放 教 鈍  
ZH_T47_1998A_028:0933c26_15	便是這箇道理也。	028	便 是 這 箇 道 理 也  
ZH_T47_1998A_028:0933c27_5	作鈍牓狀元亦不惡。	028	作 鈍 牓 狀 元 亦 不 惡  
ZH_T47_1998A_028:0933c27_13	只怕拕白耳一笑。	028	只 怕 拕 白 耳 一 笑  
ZH_T47_1998A_028:0933c29_2	答李參政答李參政泰發示諭。	028	答 李 參 政 答 李 參 政 泰 發 示 諭  
ZH_T47_1998A_028:0933c29_9	華嚴重重法界。	028	華 嚴 重 重 法 界  
ZH_T47_1998A_028:0933c29_14	斷非虛語。	028	斷 非 虛 語  
ZH_T47_1998A_028:0933c29_19	既非虛語。	028	既 非 虛 語  
ZH_T47_1998A_028:0934a01_4	必有分付處。	028	必 有 分 付 處  
ZH_T47_1998A_028:0934a01_10	必有自肯處。	028	必 有 自 肯 處  
ZH_T47_1998A_028:0934a01_18	讀至此嗟歎久之。	028	讀 至 此 嗟 歎 久 之  
ZH_T47_1998A_028:0934a02_6	士大夫平昔所學。	028	士 大 夫 平 昔 所 學  
ZH_T47_1998A_028:0934a02_14	臨死生禍福之際。	028	臨 死 生 禍 福 之 際  
ZH_T47_1998A_028:0934a03_1	手足俱露者。	028	手 足 俱 露 者  
ZH_T47_1998A_028:0934a03_6	十常八九。	028	十 常 八 九  
ZH_T47_1998A_028:0934a03_11	考其行事。	028	考 其 行 事  
ZH_T47_1998A_028:0934a04_2	不如三家村裏省事漢。	028	不 如 三 家 村 裏 省 事 漢  
ZH_T47_1998A_028:0934a04_12	富貴貧賤不能汩其心。	028	富 貴 貧 賤 不 能 汩 其 心  
ZH_T47_1998A_028:0934a04_17	以是較之。	028	以 是 較 之  
ZH_T47_1998A_028:0934a05_2	智不如愚。	028	智 不 如 愚  
ZH_T47_1998A_028:0934a05_10	貴不如賤者多矣。	028	貴 不 如 賤 者 多 矣  
ZH_T47_1998A_028:0934a05_14	何以故。	028	何 以 故  
ZH_T47_1998A_028:0934a06_1	生死禍福現前。	028	生 死 禍 福 現 前  
ZH_T47_1998A_028:0934a06_9	那時不容偽故也。	028	那 時 不 容 偽 故 也  
ZH_T47_1998A_028:0934a06_18	大參相公平昔所學。	028	大 參 相 公 平 昔 所 學  
ZH_T47_1998A_028:0934a07_4	已見於行事。	028	已 見 於 行 事  
ZH_T47_1998A_028:0934a07_10	臨禍福之際。	028	臨 禍 福 之 際  
ZH_T47_1998A_028:0934a08_1	如精金入火愈見明耀。	028	如 精 金 入 火 愈 見 明 耀  
ZH_T47_1998A_028:0934a08_16	又決定知華嚴重重法界斷非虛語。	028	又 決 定 知 華 嚴 重 重 法 界 斷 非 虛 語  
ZH_T47_1998A_028:0934a09_6	則定不作他物想矣。	028	則 定 不 作 他 物 想 矣  
ZH_T47_1998A_028:0934a09_13	其餘七顛八倒。	028	其 餘 七 顛 八 倒  
ZH_T47_1998A_028:0934a09_18	或逆或順。	028	或 逆 或 順  
ZH_T47_1998A_028:0934a10_3	或正或邪。	028	或 正 或 邪  
ZH_T47_1998A_028:0934a10_8	亦非他物。	028	亦 非 他 物  
ZH_T47_1998A_028:0934a10_15	願公常作此觀。	028	願 公 常 作 此 觀  
ZH_T47_1998A_028:0934a11_2	妙喜亦在其中。	028	妙 喜 亦 在 其 中  
ZH_T47_1998A_028:0934a11_12	異日相從於寂寞之濱。	028	異 日 相 從 於 寂 寞 之 濱  
ZH_T47_1998A_028:0934a12_3	結當當來世香火因緣。	028	結 當 當 來 世 香 火 因 緣  
ZH_T47_1998A_028:0934a12_10	成就重重法界。	028	成 就 重 重 法 界  
ZH_T47_1998A_028:0934a12_15	以實其事。	028	以 實 其 事  
ZH_T47_1998A_028:0934a13_1	豈小補哉。	028	豈 小 補 哉  
ZH_T47_1998A_028:0934a13_8	更須下箇註脚。	028	更 須 下 箇 註 脚  
ZH_T47_1998A_028:0934a13_15	即今這一絡索。	028	即 今 這 一 絡 索  
ZH_T47_1998A_028:0934a14_4	切忌作寓言指物會。	028	切 忌 作 寓 言 指 物 會  
ZH_T47_1998A_028:0934a14_7	一笑。	028	一 笑  
ZH_T47_1998A_028:0934a16_6	答曾宗丞答曾宗丞天隱左右天資近道。	028	答 曾 宗 丞 答 曾 宗 丞 天 隱 左 右 天 資 近 道  
ZH_T47_1998A_028:0934a16_11	身心清淨。	028	身 心 清 淨  
ZH_T47_1998A_028:0934a16_17	無他緣作障。	028	無 他 緣 作 障  
ZH_T47_1998A_028:0934a17_3	只這一段。	028	只 這 一 段  
ZH_T47_1998A_028:0934a17_8	誰人能及。	028	誰 人 能 及  
ZH_T47_1998A_028:0934a17_15	又能行住坐臥。	028	又 能 行住坐臥  
ZH_T47_1998A_028:0934a18_5	以老僧所示省要處。	028	以 老 僧 所 示 省 要 處  
ZH_T47_1998A_028:0934a18_10	時時提撕。	028	時 時 提 撕  
ZH_T47_1998A_028:0934a19_2	休說一念相應千了百當。	028	休 說 一 念 相 應 千 了 百 當  
ZH_T47_1998A_028:0934a19_10	便是此生打未徹。	028	便 是 此 生 打 未 徹  
ZH_T47_1998A_028:0934a20_2	只恁麼崖到臘月三十日。	028	只 恁 麼 崖 到 臘 月 三 十 日  
ZH_T47_1998A_028:0934a20_16	閻家老子也須倒退三千里始得。	028	閻 家 老 子 也 須 倒 退 三 千 里 始 得  
ZH_T47_1998A_028:0934a21_1	何以故。	028	何 以 故  
ZH_T47_1998A_028:0934a21_16	為念念在般若中無異念無間斷故。	028	為 念 念 在 般 若 中 無 異 念 無 間 斷 故  
ZH_T47_1998A_028:0934a22_3	只如道家流。	028	只 如 道 家 流  
ZH_T47_1998A_028:0934a22_9	以妄心存想。	028	以 妄 心 存 想  
ZH_T47_1998A_028:0934a22_14	日久月深。	028	日 久 月 深  
ZH_T47_1998A_028:0934a22_19	尚能成功。	028	尚 能 成 功  
ZH_T47_1998A_028:0934a23_7	不為地水火風所使。	028	不 為 地水火風 所 使  
ZH_T47_1998A_028:0934a23_16	況全念住在般若中。	028	況 全 念 住 在 般 若 中  
ZH_T47_1998A_028:0934a24_3	臘月三十日。	028	臘 月 三 十 日  
ZH_T47_1998A_028:0934a24_10	豈不能轉業耶。	028	豈 不 能 轉 業 耶  
ZH_T47_1998A_028:0934a25_4	而今人多是將有所得心學道。	028	而 今 人 多 是 將 有所得心 學 道  
ZH_T47_1998A_028:0934a25_15	此是無妄想中真妄想也。	028	此 是 無 妄 想 中 真 妄 想 也  
ZH_T47_1998A_028:0934a26_2	但放教自在。	028	但 放 教 自 在  
ZH_T47_1998A_028:0934a26_8	然不得太緊。	028	然 不 得 太 緊  
ZH_T47_1998A_028:0934a26_13	不得太緩。	028	不 得 太 緩  
ZH_T47_1998A_028:0934a26_20	只恁麼做工夫。	028	只 恁 麼 做 工 夫  
ZH_T47_1998A_028:0934a27_5	省無限心力。	028	省 無 限 心 力  
ZH_T47_1998A_028:0934a27_12	左右生處已熟。	028	左 右 生 處 已 熟  
ZH_T47_1998A_028:0934a27_17	熟處已生。	028	熟 處 已 生  
ZH_T47_1998A_028:0934a28_10	十二時中自然不著枯心忘懷。	028	十 二 時 中 自 然 不 著 枯 心 忘 懷  
ZH_T47_1998A_028:0934a28_16	將心管帶矣。	028	將 心 管 帶 矣  
ZH_T47_1998A_028:0934a29_6	雖未透脫諸魔外道。	028	雖 未 透 脫 諸 魔 外 道  
ZH_T47_1998A_028:0934a29_13	已不能伺其便。	028	已 不 能 伺 其 便  
ZH_T47_1998A_028:0934b01_3	亦自能與諸魔外道。	028	亦 自 能 與 諸 魔 外 道  
ZH_T47_1998A_028:0934b01_10	共一手同一眼。	028	共 一 手 同 一 眼  
ZH_T47_1998A_028:0934b01_15	成就彼事。	028	成 就 彼 事  
ZH_T47_1998A_028:0934b02_2	而不墮其數矣。	028	而 不墮其數 矣  
ZH_T47_1998A_028:0934b02_11	除公一人可以語此。	028	除 公 一 人 可 以 語 此  
ZH_T47_1998A_028:0934b03_3	餘人非但不能如公行履。	028	餘 人 非 但 不 能 如 公 行 履  
ZH_T47_1998A_028:0934b03_11	亦未必信得及也。	028	亦 未 必 信 得 及 也  
ZH_T47_1998A_028:0934b03_18	但於話頭上看。	028	但 於 話 頭 上 看  
ZH_T47_1998A_028:0934b04_3	看來看去。	028	看 來 看 去  
ZH_T47_1998A_028:0934b04_16	覺得沒巴鼻沒滋味心頭悶時。	028	覺 得 沒 巴 鼻 沒 滋 味 心 頭 悶 時  
ZH_T47_1998A_028:0934b05_2	正好著力。	028	正 好 著 力  
ZH_T47_1998A_028:0934b05_8	切忌隨他去。	028	切 忌 隨 他 去  
ZH_T47_1998A_028:0934b05_13	只這悶處。	028	只 這 悶 處  
ZH_T47_1998A_028:0934b05_20	便是成佛作祖。	028	便 是 成 佛 作 祖  
ZH_T47_1998A_028:0934b06_9	坐斷天下人舌頭處也。	028	坐 斷 天 下 人 舌 頭 處 也  
ZH_T47_1998A_028:0934b06_13	不可忽。	028	不 可 忽  
ZH_T47_1998A_028:0934b06_17	不可忽。	028	不 可 忽  
ZH_T47_1998A_028:0934b07_100	大慧普覺禪師書卷第二十八	028	大 慧 普 覺 禪 師 書 卷 第 二 十 八 
