segmentnr	original	stemmed
ZH_T10_0292_006:0650c12_0	度世品經卷第六	度 世 品 經 卷 第 六 
ZH_T10_0292_006:0650c14_0	西晉元康元年月氏沙門竺法護譯	西 晉 元 康 元 年 月 氏 沙 門 竺 法 護 譯 
ZH_T10_0292_006:0650c15_0	「菩薩住胎有十事。何謂為十？「欲得開化志住	 菩 薩 住 胎 有 十 事  何 謂 為 十   欲 得 開 化 志 住 
ZH_T10_0292_006:0650c17_6	小乘、懷怯羸劣眾生之等，菩薩悉見此輩心念，故現入胎。	小 乘  懷 怯 羸 劣 眾 生 之 等  菩 薩 悉 見 此 輩 心 念  故 現 入 胎  
ZH_T10_0292_006:0650c17_15	或恐此等心發念言：	或 恐 此 等 心 發 念 言  
ZH_T10_0292_006:0650c18_10	『菩薩化生德本自然，不可學得。	 菩 薩 化 生 德 本 自 然  不 可 學 得  
ZH_T10_0292_006:0650c19_1	』故現入胎，是為一事。	 故 現 入 胎  是 為 一 事  
ZH_T10_0292_006:0650c20_17	「菩薩悉為父母、親屬、往古宿世同學徒類及餘黎庶俱殖德本，欲度此黨故現入胎。	 菩 薩 悉 為 父 母  親 屬  往 古 宿 世 同 學 徒 類 及 餘 黎 庶 俱 殖 德 本  欲 度 此 黨 故 現 入 胎  
ZH_T10_0292_006:0650c22_3	或復有人宿世積德，因其胎中應受開化，是為二事。	或 復 有 人 宿 世 積 德  因 其 胎 中 應 受 開 化  是 為 二 事  
ZH_T10_0292_006:0650c23_7	「菩薩大士心未曾妄，安隱庠序而意常定，是為三事。	 菩薩大士 心 未 曾 妄  安 隱 庠 序 而 意 常 定  是 為 三 事  
ZH_T10_0292_006:0650c25_17	「菩薩若現在母胎時，講法聖眾未曾斷絕，十方世界諸菩薩、釋、梵、四天王俱來聚會，示現無數不可稱計無際聖慧。	 菩 薩 若 現 在 母 胎 時  講 法 聖 眾 未 曾 斷 絕  十方世界 諸 菩 薩  釋  梵  四 天 王 俱 來 聚 會  示 現 無 數 不可稱計 無 際 聖 慧  
ZH_T10_0292_006:0650c27_3	在於胎中顯其辯才，而有殊特就度脫之，是為四事。	在 於 胎 中 顯 其 辯 才  而 有 殊 特 就 度 脫 之  是 為 四 事  
ZH_T10_0292_006:0650c29_11	「菩薩若在母胎中時，合大眾會，及諸開士悉欲來集，因本所誓欲度脫之，故為說法皆使得濟，是為五事。	 菩 薩 若 在 母 胎 中 時  合 大 眾 會  及 諸 開 士 悉 欲 來 集  因 本 所 誓 欲 度 脫 之  故 為 說 法 皆 使 得 濟  是 為 五 事  
ZH_T10_0292_006:0651a02_9	「又，欲開化世間人民成最正覺、皆備眾德、莊嚴道場故，以示現生於人間，是為六事。	 又  欲 開 化 世 間 人 民 成最正覺  皆 備 眾 德  莊 嚴 道 場 故  以 示 現 生 於 人 間  是 為 六 事  
ZH_T10_0292_006:0651a03_18	「菩薩雖處在母胎中，普身示在三千大千世界，猶如明鏡見其面像。	 菩 薩 雖 處 在 母 胎 中  普 身 示 在 三千大千世界  猶 如 明 鏡 見 其 面 像  
ZH_T10_0292_006:0651a06_4	其志微妙，大乘學士、諸天、龍、神、揵沓和、阿須倫、迦留羅、甄陀羅、摩睺勒、諸人及與非人，各心念言：	其 志 微 妙  大 乘 學 士  諸 天  龍  神  揵 沓 和  阿 須 倫  迦 留 羅  甄 陀 羅  摩 睺 勒  諸 人 及 與 非 人  各 心 念 言  
ZH_T10_0292_006:0651a06_18	『我往稽首、歸命、供養菩薩。	 我 往 稽 首  歸 命  供 養 菩 薩  
ZH_T10_0292_006:0651a07_1	』是為七事。	 是 為 七 事  
ZH_T10_0292_006:0651a09_4	「菩薩在於母胎中時，有大法門名曰大慧藏，遊到他方異佛國土最後究竟，在胎菩薩俱共論講。	 菩 薩 在 於 母 胎 中 時  有 大 法 門 名 曰 大 慧 藏  遊 到 他 方 異 佛 國 土 最 後 究 竟  在 胎 菩 薩 俱 共 論 講  
ZH_T10_0292_006:0651a10_3	由是之故，使其菩薩現入母胎，是為八事。	由 是 之 故  使 其 菩 薩 現 入 母 胎  是 為 八 事  
ZH_T10_0292_006:0651a11_11	「菩薩現入母胎中時，有三昧名離垢藏，承定意成，不近母胎。	 菩 薩 現 入 母 胎 中 時  有 三 昧 名 離 垢 藏  承 定 意 成  不 近 母 胎  
ZH_T10_0292_006:0651a12_15	在兜術天入於清淨，住母胎中亦無所入，是為九事。	在 兜 術 天 入 於 清 淨  住 母 胎 中 亦 無 所 入  是 為 九 事  
ZH_T10_0292_006:0651a14_4	「又，如來、至真有大功德名離垢藏華，而見奉敬供養如來之業。	 又  如 來  至 真 有 大 功 德 名 離 垢 藏 華  而 見 奉 敬 供養如來 之 業  
ZH_T10_0292_006:0651a15_7	是諸覺佛在母胎時，菩薩聖旨皆遍十方以真大聖。	是 諸 覺 佛 在 母 胎 時  菩 薩 聖 旨 皆 遍 十 方 以 真 大 聖  
ZH_T10_0292_006:0651a16_11	諸菩薩眾有行名曰法界藏，為講此教入無極慧。	諸 菩 薩 眾 有 行 名 曰 法 界 藏  為 講 此 教 入 無 極 慧  
ZH_T10_0292_006:0651a17_10	菩薩因是現十善，微妙遊居而立大安。	菩 薩 因 是 現 十 善  微 妙 遊 居 而 立 大 安  
ZH_T10_0292_006:0651a18_10	「菩薩有十事現其安詳。	 菩 薩 有 十 事 現 其 安 詳  
ZH_T10_0292_006:0651a18_15	何謂為十？	何 謂 為 十  
ZH_T10_0292_006:0651a20_5	於是，菩薩入母胎時，從初發意乃至現於阿惟顏法成具佛業；	於 是  菩 薩 入 母 胎 時  從 初 發 意 乃 至 現 於 阿 惟 顏 法 成 具 佛 業  
ZH_T10_0292_006:0651a21_1	若入母胎，續復自示在兜術天；	若 入 母 胎  續 復 自 示 在 兜 術 天  
ZH_T10_0292_006:0651a21_10	或復來下現入母胎；	或 復 來 下 現 入 母 胎  
ZH_T10_0292_006:0651a22_5	已復出生，故在母胎或示幼僮；	已 復 出 生  故 在 母 胎 或 示 幼 僮  
ZH_T10_0292_006:0651a23_1	不捨母胎，示現在於宮采女中；	不 捨 母 胎  示 現 在 於 宮 采 女 中  
ZH_T10_0292_006:0651a23_11	顯母胎中，復示出生；	顯 母 胎 中  復 示 出 生  
ZH_T10_0292_006:0651a24_19	固在母胎，示於精進勤苦之行，現詣道場，坐於樹下，得佛正覺；	固 在 母 胎  示 於 精 進 勤 苦 之 行  現 詣 道 場  坐 於 樹 下  得 佛 正 覺  
ZH_T10_0292_006:0651a25_7	復現在胎而轉法輪；	復 現 在 胎 而 轉 法 輪  
ZH_T10_0292_006:0651a25_16	在於胎中現取滅度；	在 於 胎 中 現 取 滅 度  
ZH_T10_0292_006:0651a28_1	遊母胎中，庠序勸進入乎大道，在彼胎止而普示現諸菩薩行，建立如來無極大道、懷來道門。	遊 母 胎 中  庠 序 勸 進 入 乎 大 道  在 彼 胎 止 而 普 示 現 諸 菩 薩 行  建 立 如 來 無 極 大 道  懷 來 道 門  
ZH_T10_0292_006:0651a28_14	是為菩薩現於十事庠序之行。	是 為 菩 薩 現 於 十 事 庠 序 之 行  
ZH_T10_0292_006:0651a29_8	「菩薩修生有十事。	 菩 薩 修 生 有 十 事  
ZH_T10_0292_006:0651a29_13	何謂為十？	何 謂 為 十  
ZH_T10_0292_006:0651b01_7	菩薩悉明其意安然，現生清和；	菩 薩 悉 明 其 意 安 然  現 生 清 和  
ZH_T10_0292_006:0651b02_1	演大光明，周遍三千大千世界；	演 大 光 明  周 遍 三千大千世界  
ZH_T10_0292_006:0651b04_1	最後究竟，不復更生而現所生——無起不滅故曰為生——思惟三界所生受者猶如幻化；	最 後 究 竟  不復更生 而 現 所 生   無 起 不 滅 故 曰 為 生   思 惟 三 界 所 生 受 者 猶 如 幻 化  
ZH_T10_0292_006:0651b04_10	現身出生十方世界；	現 身 出 生 十方世界  
ZH_T10_0292_006:0651b04_19	其身顯示致一切智；	其 身 顯 示 致 一 切 智  
ZH_T10_0292_006:0651b05_18	如來、至真皆演威耀，告勅一切諸有身者；	如 來  至 真 皆 演 威 耀  告 勅 一 切 諸 有 身 者  
ZH_T10_0292_006:0651b06_13	積累大慧，三昧正受，然後乃生；	積 累 大 慧  三 昧 正 受  然 後 乃 生  
ZH_T10_0292_006:0651b07_11	菩薩適生，動諸佛國，令眾生類心懷歡然；	菩 薩 適 生  動 諸 佛 國  令 眾 生 類 心 懷 歡 然  
ZH_T10_0292_006:0651b08_6	消諸惡趣、蔽眾魔事，各各驚言：	消 諸 惡 趣  蔽 眾 魔 事  各 各 驚 言  
ZH_T10_0292_006:0651b08_16	『今者菩薩從某處來。	 今 者 菩 薩 從 某 處 來  
ZH_T10_0292_006:0651b09_5	』是為菩薩十修所生。	 是 為 菩 薩 十 修 所 生  
ZH_T10_0292_006:0651b10_8	「菩薩忻笑有十事。	 菩 薩 忻 笑 有 十 事  
ZH_T10_0292_006:0651b10_13	何謂為十？	何 謂 為 十  
ZH_T10_0292_006:0651b12_5	「察其世俗縛在貪欲而自纏綿，無能拔者，『獨吾身力乃能堪任潰於斯黨。	 察 其 世 俗 縛 在 貪 欲 而 自 纏 綿  無 能 拔 者   獨 吾 身 力 乃 能 堪 任 潰 於 斯 黨  
ZH_T10_0292_006:0651b12_13	』是故而發笑耳。	 是 故 而 發 笑 耳  
ZH_T10_0292_006:0651b14_4	「俗人多為塵勞之所迷惑，自謂智慧無能逮者，是故菩薩而發忻笑。	 俗 人 多 為 塵 勞 之 所 迷 惑  自 謂 智 慧 無 能 逮 者  是 故 菩 薩 而 發 忻 笑  
ZH_T10_0292_006:0651b16_5	「自大遊逸，我身名號如此無上，如來便以法身顯示大要，遍於三世，令各生意求欲致是。	 自 大 遊 逸  我 身 名 號 如 此 無 上  如 來 便 以 法 身 顯 示 大 要  遍 於 三 世  令 各 生 意 求 欲 致 是  
ZH_T10_0292_006:0651b18_4	「諸菩薩眼無所罣礙，從十方土至梵天宮，乃復至於大神妙天，皆觀本末，便自念言：	 諸 菩 薩 眼 無 所 罣 礙  從 十 方 土 至 梵 天 宮  乃 復 至 於 大 神 妙 天  皆 觀 本 末  便 自 念 言  
ZH_T10_0292_006:0651b19_3	『是眾生黨乃爾瑕穢，菩薩智力悉覩見之。	 是 眾 生 黨 乃 爾 瑕 穢  菩 薩 智 力 悉 覩 見 之  
ZH_T10_0292_006:0651b21_1	』「又，見人民宿積德本還復墮落、見殖少福望無量報，覩平等覺正真之道無有侵欺。	  又  見 人 民 宿 積 德 本 還 復 墮 落  見 殖 少 福 望 無 量 報  覩 平 等 覺 正 真 之 道 無 有 侵 欺  
ZH_T10_0292_006:0651b22_11	「觀古親友、本時同學志菩薩道，各各修淨，未具佛法，己己為達。	 觀 古 親 友  本 時 同 學 志 菩 薩 道  各 各 修 淨  未 具 佛 法  己 己 為 達  
ZH_T10_0292_006:0651b23_18	「察本所居諸天人民及在愚地不解正法，心不動搖，不以為勞。	 察 本 所 居 諸 天 人 民 及 在 愚 地 不 解 正 法  心 不 動 搖  不 以 為 勞  
ZH_T10_0292_006:0651b24_20	「如來、至真有演光明——名大搖安——放此大耀。	 如 來  至 真 有 演 光 明   名 大 搖 安   放 此 大 耀  
ZH_T10_0292_006:0651b25_6	是為菩薩十事忻笑。	是 為 菩 薩 十 事 忻 笑  
ZH_T10_0292_006:0651b26_9	「菩薩行七步有十事。	 菩 薩 行 七 步 有 十 事  
ZH_T10_0292_006:0651b26_14	何謂為十？	何 謂 為 十  
ZH_T10_0292_006:0651b27_12	菩薩爾時自現幼僮，舉足七步示有七財。	菩 薩 爾 時 自 現 幼 僮  舉 足 七 步 示 有 七 財  
ZH_T10_0292_006:0651b27_17	顯有殊異。	顯 有 殊 異  
ZH_T10_0292_006:0651b28_6	欲使地神所願具足。	欲 使 地 神 所 願 具 足  
ZH_T10_0292_006:0651b29_1	自示其德超於三界，獨步無侶。	自 示 其 德 超 於 三 界  獨 步 無 侶  
ZH_T10_0292_006:0651c01_1	遊如龍王、住若象王、舉動進止如師子步。	遊 如 龍 王  住 若 象 王  舉 動 進 止 如 師 子 步  
ZH_T10_0292_006:0651c02_4	諸有往反、所至到處，菩薩行步、周旋、舉動皆越一切。	諸 有 往 反  所 至 到 處  菩 薩 行 步  周 旋  舉 動 皆 越 一 切  
ZH_T10_0292_006:0651c02_13	當時天地變為金剛。	當 時 天 地 變 為 金 剛  
ZH_T10_0292_006:0651c03_17	其餘凡地不動，堪任載持菩薩、撫育一切諸地眾生。	其 餘 凡 地 不 動  堪 任 載 持 菩 薩  撫 育 一 切 諸 地 眾 生  
ZH_T10_0292_006:0651c04_8	是故，菩薩舉足七步。	是 故  菩 薩 舉 足 七 步  
ZH_T10_0292_006:0651c06_6	又，一切人不解道義，故復菩薩舉足七步——應七覺意——覺諸不覺，以逮正法，無所依仰。	又  一 切 人 不 解 道 義  故 復 菩 薩 舉 足 七 步   應 七 覺 意   覺 諸 不 覺  以 逮 正 法  無 所 依 仰  
ZH_T10_0292_006:0651c07_1	吾於世尊豪無有上，口自發言：	吾 於 世 尊 豪 無 有 上  口 自 發 言  
ZH_T10_0292_006:0651c07_13	『天上、天下，吾當度之。	 天 上  天 下  吾 當 度 之  
ZH_T10_0292_006:0651c08_1	』是為菩薩十事行步。	 是 為 菩 薩 十 事 行 步  
ZH_T10_0292_006:0651c09_11	「菩薩現幼僮地復有十事。	 菩 薩 現 幼 僮 地 復 有 十 事  
ZH_T10_0292_006:0651c09_16	何謂為十？	何 謂 為 十  
ZH_T10_0292_006:0651c11_10	「悉知書疏、算術、計校、所當應宜、答報言辭，無所不通，故以是事顯示眾人。	 悉 知 書 疏  算 術  計 校  所 當 應 宜  答 報 言 辭  無 所 不 通  故 以 是 事 顯 示 眾 人  
ZH_T10_0292_006:0651c13_12	「又復示現上馬騙象、乘車往反、神仙呪術與眾超異，摴蒱、博掩、伎樂、歌戲，超群越眾。	 又 復 示 現 上 馬 騙 象  乘 車 往 反  神 仙 呪 術 與 眾 超 異  摴 蒱  博 掩  伎 樂  歌 戲  超 群 越 眾  
ZH_T10_0292_006:0651c14_10	「其身、口、意示有罪福而無殃釁，以無憍慢。	 其 身  口  意 示 有 罪 福 而 無 殃 釁  以 無 憍 慢  
ZH_T10_0292_006:0651c15_14	「三昧正受，遍於無量諸佛世界，現在眾生而開化之。	 三 昧 正 受  遍 於 無 量 諸 佛 世 界  現 在 眾 生 而 開 化 之  
ZH_T10_0292_006:0651c17_16	「菩薩顯德，其慧過於天、龍、鬼神、阿須輪、迦留羅、甄陀羅、摩睺勒、釋、梵、四天王，咸來歸命。	 菩 薩 顯 德  其 慧 過 於 天  龍  鬼 神  阿 須 輪  迦 留 羅  甄 陀 羅  摩 睺 勒  釋  梵  四 天 王  咸 來 歸 命  
ZH_T10_0292_006:0651c18_7	「又復自示釋梵四王色貌形像。	 又 復 自 示 釋 梵 四 王 色 貌 形 像  
ZH_T10_0292_006:0651c19_2	「復以菩薩容貌自示，顯其道業。	 復 以 菩 薩 容 貌 自 示  顯 其 道 業  
ZH_T10_0292_006:0651c20_19	「菩薩現於人民各異，若有貪樂愛欲調戲、或復愁憂憒亂眾生為現歡悅，令愛樂法。	 菩 薩 現 於 人 民 各 異  若 有 貪 樂 愛 欲 調 戲  或 復 愁 憂 憒 亂 眾 生 為 現 歡 悅  令 愛 樂 法  
ZH_T10_0292_006:0651c21_14	「常以法會有所長益，奉敬如來。	 常 以 法 會 有 所 長 益  奉 敬 如 來  
ZH_T10_0292_006:0651c23_2	「遍見十方，以法光明、如來威神現其安詳，清和默然因化眾生。	 遍 見 十 方  以 法 光 明  如 來 威 神 現 其 安 詳  清 和 默 然 因 化 眾 生  
ZH_T10_0292_006:0651c24_12	是菩薩現其幼僮，在於後宮多所救濟，菩薩現在中宮處采女中。	是 菩 薩 現 其 幼 僮  在 於 後 宮 多 所 救 濟  菩 薩 現 在 中 宮 處 采 女 中  
ZH_T10_0292_006:0651c25_5	「復有十事。	 復 有 十 事  
ZH_T10_0292_006:0651c25_10	何謂為十？	何 謂 為 十  
ZH_T10_0292_006:0651c26_17	「與其宿世俱共同學，菩薩因欲化此眾生、顯示德本，故在後宮。	 與 其 宿 世 俱 共 同 學  菩 薩 因 欲 化 此 眾 生  顯 示 德 本  故 在 後 宮  
ZH_T10_0292_006:0651c27_15	「菩薩又以殖德本者應當勉濟，故現後宮。	 菩 薩 又 以 殖 德 本 者 應 當 勉 濟  故 現 後 宮  
ZH_T10_0292_006:0651c29_6	「諸天人民憍豪自恣、富貴自綺，因此菩薩現大豪貴尊因而降化。	 諸 天 人 民 憍 豪 自 恣  富 貴 自 綺  因 此 菩 薩 現 大 豪 貴 尊 因 而 降 化  
ZH_T10_0292_006:0652a01_1	「在五濁世隨時誘進，化度佛土。	 在 五 濁 世 隨 時 誘 進  化 度 佛 土  
ZH_T10_0292_006:0652a01_17	「雖在中宮，不廢三昧，勢力無雙。	 雖 在 中 宮  不 廢 三 昧  勢 力 無 雙  
ZH_T10_0292_006:0652a02_19	「往古眾生興立誓願，菩薩欲使如意悉得，故現後宮。	 往 古 眾 生 興 立 誓 願  菩 薩 欲 使 如 意 悉 得  故 現 後 宮  
ZH_T10_0292_006:0652a03_15	「欲令父母、家室、親屬本願備悉。	 欲 令 父 母  家 室  親 屬 本 願 備 悉  
ZH_T10_0292_006:0652a05_2	「以大法音、伎樂、歌頌、箜篌、樂器奉敬供養如來、至真，僉令効之。	 以 大 法 音  伎 樂  歌 頌  箜 篌  樂 器 奉 敬 供養如來  至 真  僉 令 効 之  
ZH_T10_0292_006:0652a07_1	「于時菩薩在於後宮了成佛道，定意不動，從初至終成最正覺，而轉法輪至大滅度。	 于 時 菩 薩 在 於 後 宮 了 成 佛 道  定 意 不 動  從 初 至 終 成最正覺  而 轉 法 輪 至 大 滅 度  
ZH_T10_0292_006:0652a08_1	「所以示現以法護之，救濟危厄，使入大道。	 所 以 示 現 以 法 護 之  救 濟 危 厄  使 入 大 道  
ZH_T10_0292_006:0652a09_4	是為菩薩現在後宮最末究竟，棄國捐王，入山得道。	是 為 菩 薩 現 在 後 宮 最 末 究 竟  棄 國 捐 王  入 山 得 道  
ZH_T10_0292_006:0652a10_9	「菩薩捨國復有十事。	 菩 薩 捨 國 復 有 十 事  
ZH_T10_0292_006:0652a10_14	何謂為十？	何 謂 為 十  
ZH_T10_0292_006:0652a11_3	示厭塵欲，故現出家；	示 厭 塵 欲  故 現 出 家  
ZH_T10_0292_006:0652a12_15	見於世俗多所染著，欲使眾人不猗瑕疵，顯現賢聖正真履跡柔順之義；	見 於 世 俗 多 所 染 著  欲 使 眾 人 不 猗 瑕 疵  顯 現 賢 聖 正 真 履 跡 柔 順 之 義  
ZH_T10_0292_006:0652a14_1	菩薩居業，欲暢道化、歎出家德，以權方便現於二際；	菩 薩 居 業  欲 暢 道 化  歎 出 家 德  以 權 方 便 現 於 二 際  
ZH_T10_0292_006:0652a14_15	墮在諸疑六十二見，拔之令出；	墮 在 諸 疑 六 十 二 見  拔 之 令 出  
ZH_T10_0292_006:0652a15_18	眾生貪欲勤勤為安，為顯眾難，使棄所猗安樂之想；	眾 生 貪 欲 勤 勤 為 安  為 顯 眾 難  使 棄 所 猗 安 樂 之 想  
ZH_T10_0292_006:0652a16_16	為著三界馳逸眾類示現先應，故出家耳；	為 著 三 界 馳 逸 眾 類 示 現 先 應  故 出 家 耳  
ZH_T10_0292_006:0652a17_17	其意興盛，無所依仰，猗不可計，故現出家；	其 意 興 盛  無 所 依 仰  猗 不 可 計  故 現 出 家  
ZH_T10_0292_006:0652a18_15	又示逮得如來十力、四無所畏，隨時而教；	又 示 逮 得 如來十力  四無所畏  隨 時 而 教  
ZH_T10_0292_006:0652a19_8	最後究竟，臨當成佛法應當然；	最 後 究 竟  臨 當 成 佛 法 應 當 然  
ZH_T10_0292_006:0652a20_1	是為菩薩十事棄國捐王。	是 為 菩 薩 十 事 棄 國 捐 王  
ZH_T10_0292_006:0652a21_11	「菩薩現勤苦行復有十事。	 菩 薩 現 勤 苦 行 復 有 十 事  
ZH_T10_0292_006:0652a21_16	何謂為十？	何 謂 為 十  
ZH_T10_0292_006:0652a22_14	欲得開化小學之士，故現六年進一麻米；	欲 得 開 化 小 學 之 士  故 現 六 年 進 一 麻 米  
ZH_T10_0292_006:0652a23_9	又欲勗勉猗著、諸邪六十二見；	又 欲 勗 勉 猗 著  諸 邪 六 十 二 見  
ZH_T10_0292_006:0652a24_8	為諸失德眾生之黨，指示其業、罪福之報；	為 諸 失 德 眾 生 之 黨  指 示 其 業  罪 福 之 報  
ZH_T10_0292_006:0652a25_7	亦為雜穢迷惑世界隨時勸導，現己勞患；	亦 為 雜 穢 迷 惑 世 界 隨 時 勸 導  現 己 勞 患  
ZH_T10_0292_006:0652a25_17	能伏情欲，示二等業；	能 伏 情 欲  示 二 等 業  
ZH_T10_0292_006:0652a26_7	緣是之故，受真諦法；	緣 是 之 故  受 真 諦 法  
ZH_T10_0292_006:0652a27_6	諸貪受欲重自安己，馳逸眾生令淨其心；	諸 貪 受 欲 重 自 安 己  馳 逸 眾 生 令 淨 其 心  
ZH_T10_0292_006:0652a28_1	又復示現菩薩精進，勤苦志道；	又 復 示 現 菩 薩 精 進  勤 苦 志 道  
ZH_T10_0292_006:0652a28_14	最於後世臨欲成佛示不更生；	最 於 後 世 臨 欲 成 佛 示 不 更 生  
ZH_T10_0292_006:0652b01_1	用精進故，諸天人民——根不純淑——及外異學使從訓誨；	用 精 進 故  諸 天 人 民   根 不 純 淑   及 外 異 學 使 從 訓 誨  
ZH_T10_0292_006:0652b01_10	是為菩薩示十苦行。	是 為 菩 薩 示 十 苦 行  
ZH_T10_0292_006:0652b02_10	「菩薩詣道場復有十事。	 菩 薩 詣 道 場 復 有 十 事  
ZH_T10_0292_006:0652b02_15	何謂為十？	何 謂 為 十  
ZH_T10_0292_006:0652b03_14	「演大光明照於十方，使眾知之，故詣樹下。	 演 大 光 明 照 於 十 方  使 眾 知 之  故 詣 樹 下  
ZH_T10_0292_006:0652b04_17	「亦欲感動諸佛國土，顯示己身，使普佛土皆共見之。	 亦 欲 感 動 諸 佛 國 土  顯 示 己 身  使 普 佛 土 皆 共 見 之  
ZH_T10_0292_006:0652b06_5	「又復暢示諸菩薩等及諸眾生前世所行，悉來從斯稽首受學。	 又 復 暢 示 諸 菩 薩 等 及 諸 眾 生 前 世 所 行  悉 來 從 斯 稽 首 受 學  
ZH_T10_0292_006:0652b07_1	「現其道場，所坐樹下莊嚴清淨。	 現 其 道 場  所 坐 樹 下 莊 嚴 清 淨  
ZH_T10_0292_006:0652b07_16	「隨眾人本，應時現身威儀禮節。	 隨 眾 人 本  應 時 現 身 威 儀 禮 節  
ZH_T10_0292_006:0652b09_5	「佛樹靜然，使諸世界如來、至真各自現身——諸可經行、舉足、下足。	 佛 樹 靜 然  使 諸 世 界 如 來  至 真 各 自 現 身   諸 可 經 行  舉 足  下 足  
ZH_T10_0292_006:0652b09_16	「常修三昧，不離定意。	 常 修 三 昧  不 離 定 意  
ZH_T10_0292_006:0652b10_3	「覺了聖道，不犯須臾。	 覺 了 聖 道  不 犯 須 臾  
ZH_T10_0292_006:0652b12_5	「諸天、龍王、揵沓和、阿須倫、迦留羅、甄陀羅、摩睺勒、釋梵四王現來奉敬，眾人見之莫不發意。	 諸 天  龍 王  揵 沓 和  阿 須 倫  迦 留 羅  甄 陀 羅  摩 睺 勒  釋 梵 四 王 現 來 奉 敬  眾 人 見 之 莫 不 發 意  
ZH_T10_0292_006:0652b14_1	「大慧無礙，菩薩所行普觀十方、念諸如來，曉了方面，在諸國土現成正覺。	 大 慧 無 礙  菩薩所行 普 觀 十 方  念 諸 如 來  曉 了 方 面  在 諸 國 土 現 成 正 覺  
ZH_T10_0292_006:0652b14_10	是為菩薩現詣佛樹。	是 為 菩 薩 現 詣 佛 樹  
ZH_T10_0292_006:0652b15_11	「菩薩坐佛樹下復有十事。	 菩 薩 坐 佛 樹 下 復 有 十 事  
ZH_T10_0292_006:0652b15_16	何謂為十？	何 謂 為 十  
ZH_T10_0292_006:0652b16_10	以無數事動諸佛國，故坐樹下；	以 無 數 事 動 諸 佛 國  故 坐 樹 下  
ZH_T10_0292_006:0652b16_19	皆欲照耀十方世界；	皆 欲 照 耀 十方世界  
ZH_T10_0292_006:0652b17_8	而悉消除一切惡趣；	而 悉 消 除 一切惡趣  
ZH_T10_0292_006:0652b18_3	亦復建立一切境土咸為金剛；	亦 復 建 立 一 切 境 土 咸 為 金 剛  
ZH_T10_0292_006:0652b19_2	觀諸如來處師子床，心所思念等如虛空；	觀 諸 如 來 處 師 子 床  心 所 思 念 等 如 虛 空  
ZH_T10_0292_006:0652b19_12	現身威儀，咸以隨時；	現 身 威 儀  咸 以 隨 時  
ZH_T10_0292_006:0652b20_1	歸趣金剛道場三昧；	歸 趣 金 剛 道 場 三 昧  
ZH_T10_0292_006:0652b20_14	其諸如來所止之處受於清淨；	其 諸 如 來 所 止 之 處 受 於 清 淨  
ZH_T10_0292_006:0652b21_5	自承勢力以趣德本；	自 承 勢 力 以 趣 德 本  
ZH_T10_0292_006:0652b21_14	勸立一切群生之類；	勸 立 一 切 群 生 之 類  
ZH_T10_0292_006:0652b22_4	是為十事坐佛樹下。	是 為 十 事 坐 佛 樹 下  
ZH_T10_0292_006:0652b23_13	「菩薩坐尊樹下有十致未曾有。	 菩 薩 坐 尊 樹 下 有 十 致 未 曾 有  
ZH_T10_0292_006:0652b23_18	何謂為十？	何 謂 為 十  
ZH_T10_0292_006:0652b24_12	「坐佛樹時，致未曾有自然之法。	 坐 佛 樹 時  致 未 曾 有 自 然 之 法  
ZH_T10_0292_006:0652b26_1	十方世界諸如來、至真、等正覺各現面像，伸其右掌，各自讚歎：	十方世界 諸 如 來  至 真  等 正 覺 各 現 面 像  伸 其 右 掌  各 自 讚 歎  
ZH_T10_0292_006:0652b26_9	『當使導師得勝。	 當 使 導 師 得 勝  
ZH_T10_0292_006:0652b26_21	』得勝則是第一未曾有法。	 得 勝 則 是 第 一 未曾有法  
ZH_T10_0292_006:0652b28_8	「菩薩若復坐佛樹時，一切諸佛皆共念之，遣威神往，是為二事。	 菩 薩 若 復 坐 佛 樹 時  一切諸佛 皆 共 念 之  遣 威 神 往  是 為 二 事  
ZH_T10_0292_006:0652c01_10	「坐佛樹時，古昔同學、諸菩薩等僉俱來至，周匝宿衛，住定意門，以若干物而供養之，是為三事。	 坐 佛 樹 時  古 昔 同 學  諸 菩 薩 等 僉 俱 來 至  周 匝 宿 衛  住 定 意 門  以 若 干 物 而 供 養 之  是 為 三 事  
ZH_T10_0292_006:0652c04_1	「在樹下時，十方世界草木、華實及諸藥樹——雖無神識，自然屈形——悉共曲躬，向於佛樹而稽首禮，是為四事。	 在 樹 下 時  十方世界 草 木  華 實 及 諸 藥 樹   雖 無 神 識  自 然 屈 形   悉 共 曲 躬  向 於 佛 樹 而 稽 首 禮  是 為 四 事  
ZH_T10_0292_006:0652c04_21	「有大定意，號積法界，超越一切諸菩薩行。	 有 大 定 意  號 積 法 界  超 越 一切諸菩薩 行  
ZH_T10_0292_006:0652c06_3	假使逮得此定意時，其功德明越眾開士，是為五事。	假 使 逮 得 此 定 意 時  其 功 德 明 越 眾 開 士  是 為 五 事  
ZH_T10_0292_006:0652c07_16	「于時菩薩立身海藏離垢光曜總持之場，使諸如來闡大法雨，是為六事。	 于 時 菩 薩 立 身 海 藏 離 垢 光 曜 總 持 之 場  使 諸 如 來 闡 大 法 雨  是 為 六 事  
ZH_T10_0292_006:0652c08_9	則以柔軟頂之度去供養如來。	則 以 柔 軟 頂 之 度 去 供養如來  
ZH_T10_0292_006:0652c09_12	「菩薩坐於樹下，普遊諸國無所不遍，是為七事。	 菩 薩 坐 於 樹 下  普 遊 諸 國 無 所 不 遍  是 為 七 事  
ZH_T10_0292_006:0652c11_10	「菩薩若坐佛樹下時，其行亦如慧上開士，普見一切眾生根本心念所奏，是為八事。	 菩 薩 若 坐 佛 樹 下 時  其 行 亦 如 慧 上 開 士  普 見 一 切 眾 生 根 本 心 念 所 奏  是 為 八 事  
ZH_T10_0292_006:0652c12_4	「坐佛樹時，自然善致佛聖覺定。	 坐 佛 樹 時  自 然 善 致 佛 聖 覺 定  
ZH_T10_0292_006:0652c13_8	適得斯定，普周無量三世之事，猶如虛空，是為九事。	適 得 斯 定  普 周 無 量 三 世 之 事  猶如虛空  是 為 九 事  
ZH_T10_0292_006:0652c15_5	「坐佛樹時，則以己身明識三世，其大聖慧而無等倫，演離垢光，是為十事未曾有法。	 坐 佛 樹 時  則 以 己 身 明 識 三 世  其 大 聖 慧 而 無 等 倫  演 離 垢 光  是 為 十 事 未曾有法  
ZH_T10_0292_006:0652c16_8	「菩薩何謂降魔官？	 菩 薩 何 謂 降 魔 官  
ZH_T10_0292_006:0652c16_16	有十事降魔官屬。	有 十 事 降 魔 官 屬  
ZH_T10_0292_006:0652c17_1	何謂為十？	何 謂 為 十  
ZH_T10_0292_006:0652c18_12	眾生同塵著於世俗生死之患，不樂戰鬪，是故菩薩現大勢力降魔官屬；	眾 生 同 塵 著 於 世 俗 生 死 之 患  不 樂 戰 鬪  是 故 菩 薩 現 大 勢 力 降 魔 官 屬  
ZH_T10_0292_006:0652c19_12	諸天人民貢高求名，欲為除斷自大之難；	諸 天 人 民 貢 高 求 名  欲 為 除 斷 自 大 之 難  
ZH_T10_0292_006:0652c20_16	佛欲開化魔及兵眾，諸天人民僉共娛樂，俱來聚會；	佛 欲 開 化 魔 及 兵 眾  諸 天 人 民 僉 共 娛 樂  俱 來 聚 會  
ZH_T10_0292_006:0652c21_10	因是化之，菩薩力勢無有雙比；	因 是 化 之  菩 薩 力 勢 無 有 雙 比  
ZH_T10_0292_006:0652c22_10	亦復顯現，欲使人知、亦欲勸悅一切眾生；	亦 復 顯 現  欲 使 人 知  亦 欲 勸 悅 一 切 眾 生  
ZH_T10_0292_006:0652c23_5	顯其利議，亦欲愍傷將來世人；	顯 其 利 議  亦 欲 愍 傷 將 來 世 人  
ZH_T10_0292_006:0652c24_4	在佛樹下降魔官時，悉已越度諸魔境界；	在 佛 樹 下 降 魔 官 時  悉 已 越 度 諸 魔 境 界  
ZH_T10_0292_006:0652c25_3	無有塵欲，無力、不力，見諸薄力而現德本；	無 有 塵 欲  無 力  不 力  見 諸 薄 力 而 現 德 本  
ZH_T10_0292_006:0652c25_13	示慈心力，降魔官屬；	示 慈 心 力  降 魔 官 屬  
ZH_T10_0292_006:0652c26_12	隨時勸悅愛欲、塵勞、貪欲之世，化以道法。	隨 時 勸 悅 愛 欲  塵 勞  貪 欲 之 世  化 以 道 法  
ZH_T10_0292_006:0652c27_5	觀此十義，是故菩薩降魔官屬。	觀 此 十 義  是 故 菩 薩 降 魔 官 屬  
ZH_T10_0292_006:0652c28_15	「菩薩成最正覺示如來力亦有十事。	 菩 薩 成最正覺 示 如 來 力 亦 有 十 事  
ZH_T10_0292_006:0652c29_1	何謂為十？	何 謂 為 十  
ZH_T10_0292_006:0652c29_17	能伏諸魔業、塵勞之穢，具菩薩行；	能 伏 諸 魔 業  塵 勞 之 穢  具 菩 薩 行  
ZH_T10_0292_006:0653a01_18	樂諸菩薩一切定意而以自娛，上眾開士聖慧之堂；	樂 諸 菩 薩 一 切 定 意 而 以 自 娛  上 眾 開 士 聖 慧 之 堂  
ZH_T10_0292_006:0653a02_13	究竟成就諸清白法、一切行義；	究 竟 成 就 諸 清 白 法  一 切 行 義  
ZH_T10_0292_006:0653a03_3	為諸世間善思惟行；	為 諸 世 間 善 思 惟 行  
ZH_T10_0292_006:0653a03_17	其身普遍十方世界，演其音嚮；	其 身 普 遍 十方世界  演 其 音 嚮  
ZH_T10_0292_006:0653a04_12	等心眾生，皆暢威神而建立之；	等 心 眾 生  皆 暢 威 神 而 建 立 之  
ZH_T10_0292_006:0653a05_19	過去、當來、今現在佛、如來、至真，身、口、心等無所望想；	過 去  當 來  今 現 在 佛  如 來  至 真  身  口  心 等 無 所 望 想  
ZH_T10_0292_006:0653a06_6	一時之間普達三世；	一 時 之 間 普 達 三 世  
ZH_T10_0292_006:0653a07_5	有三昧名善覺覺意，得是定時入佛十力；	有 三 昧 名 善 覺 覺 意  得 是 定 時 入 佛 十 力  
ZH_T10_0292_006:0653a08_1	以能興此，處處有力至漏盡慧。	以 能 興 此  處 處 有 力 至 漏 盡 慧  
ZH_T10_0292_006:0653a08_14	是為菩薩如來十力成最正覺。	是 為 菩 薩 如來十力 成最正覺  
ZH_T10_0292_006:0653a09_13	住是力時，諸佛普至，故曰如來已成正覺。	住 是 力 時  諸 佛 普 至  故 曰 如 來 已 成 正 覺  
ZH_T10_0292_006:0653a10_14	「如來、至真則以十品而轉法輪。	 如 來  至 真 則 以 十 品 而 轉 法 輪  
ZH_T10_0292_006:0653a10_19	何謂為十？	何 謂 為 十  
ZH_T10_0292_006:0653a11_12	致四無畏，入清淨慧而暢慧音；	致 四 無 畏  入 清 淨 慧 而 暢 慧 音  
ZH_T10_0292_006:0653a12_7	四分別辯，又善曉了越於四諦；	四 分 別 辯  又 善 曉 了 越 於 四 諦  
ZH_T10_0292_006:0653a12_16	遊居無礙正覺脫門；	遊 居 無 礙 正 覺 脫 門  
ZH_T10_0292_006:0653a13_6	曠意愍念一切群生；	曠 意 愍 念 一 切 群 生  
ZH_T10_0292_006:0653a14_6	消除不順、侵枉、苦惱、悒慼之患、不閑之難；	消 除 不 順  侵 枉  苦 惱  悒 慼 之 患  不 閑 之 難  
ZH_T10_0292_006:0653a14_15	不違往昔無蓋之哀；	不 違 往 昔 無 蓋 之 哀  
ZH_T10_0292_006:0653a15_5	清淨和辭周十方界；	清 淨 和 辭 周 十 方 界  
ZH_T10_0292_006:0653a16_1	無央數劫頒宣經法，不以勞懈；	無央數劫 頒 宣 經 法  不 以 勞 懈  
ZH_T10_0292_006:0653a16_12	善分別解根、力、覺意；	善 分 別 解 根  力  覺 意  
ZH_T10_0292_006:0653a16_21	一心悅門禪定正受；	一 心 悅 門 禪 定 正 受  
ZH_T10_0292_006:0653a17_16	是為十品成正覺時以無量義而轉法輪。	是 為 十 品 成 正 覺 時 以 無 量 義 而 轉 法 輪  
ZH_T10_0292_006:0653a19_17	「已成如來、至真、等正覺轉於法輪，十清白法觀眾生心憒憒無閑，歡悅其志，令得亘然。	 已 成 如 來  至 真  等 正 覺 轉於法輪  十 清 白 法 觀 眾 生 心 憒 憒 無 閑  歡 悅 其 志  令 得 亘 然  
ZH_T10_0292_006:0653a20_2	何謂為十？	何 謂 為 十  
ZH_T10_0292_006:0653a26_1	前世宿命所願力勢之所致也不違本誓、威神建立無極大哀、不捨眾生而救濟之、興顯聖慧而為說法、隨時建立而宣傳之、應時令解使無缺漏、明識解了三世之慧、其身所行永無所造、其意所宣無有形想、所暢慧者隨音輒解，是為十事清白之法而轉法輪。	前 世 宿 命 所 願 力 勢 之 所 致 也 不 違 本 誓  威 神 建 立 無 極 大 哀  不 捨 眾 生 而 救 濟 之  興 顯 聖 慧 而 為 說 法  隨 時 建 立 而 宣 傳 之  應 時 令 解 使 無 缺 漏  明 識 解 了 三 世 之 慧  其 身 所 行 永 無 所 造  其 意 所 宣 無 有 形 想  所 暢 慧 者 隨 音 輒 解  是 為 十 事 清 白 之 法 而 轉 法 輪  
ZH_T10_0292_006:0653a27_19	「如來、至真以作佛事觀見十義，現大滅度。	 如 來  至 真 以 作 佛 事 觀 見 十 義  現 大 滅 度  
ZH_T10_0292_006:0653a28_3	何謂為十？	何 謂 為 十  
ZH_T10_0292_006:0653a28_12	常為示現審諦非常；	常 為 示 現 審 諦 非 常  
ZH_T10_0292_006:0653a29_2	一切有為顯如呼噏；	一 切 有 為 顯 如 呼 噏  
ZH_T10_0292_006:0653a29_16	普詣安處無為之真，除諸恐懼；	普 詣 安 處 無 為 之 真  除 諸 恐 懼  
ZH_T10_0292_006:0653b02_6	諸天人民著於色身，故現色身如是無常、法身常存，而為分別；	諸 天 人 民 著 於 色 身  故 現 色 身 如 是 無 常  法 身 常 存  而 為 分 別  
ZH_T10_0292_006:0653b03_6	合有別離，諸所有為彈指已過，豪無堅強；	合 有 別 離  諸 所 有 為 彈 指 已 過  豪 無 堅 強  
ZH_T10_0292_006:0653b03_15	一切三界猶如幻化；	一 切 三 界 猶 如 幻 化  
ZH_T10_0292_006:0653b04_4	眾想危脆，無為最堅；	眾 想 危 脆  無 為 最 堅  
ZH_T10_0292_006:0653b05_14	為現道法無有毀壞、諸習離別悉無所成，為示碎散，法自應然；	為 現 道 法 無 有 毀 壞  諸 習 離 別 悉 無 所 成  為 示 碎 散  法 自 應 然  
ZH_T10_0292_006:0653b06_15	諸佛、世尊所作佛事皆已具足，善轉法輪決狐疑；	諸 佛  世 尊 所 作 佛 事 皆 已 具 足  善 轉 法 輪 決 狐 疑  
ZH_T10_0292_006:0653b07_17	令隨律教，授菩薩決，無有進退，修大滅度；	令 隨 律 教  授 菩 薩 決  無 有 進 退  修 大 滅 度  
ZH_T10_0292_006:0653b08_16	是十觀義，如來、至真取滅度矣，無有沒化。	是 十 觀 義  如 來  至 真 取 滅 度 矣  無 有 沒 化  
ZH_T10_0292_006:0653b09_4	」普賢復白：	 普 賢 復 白  
ZH_T10_0292_006:0653b09_11	「是為，佛子！	 是 為  佛 子  
ZH_T10_0292_006:0653b09_21	名菩薩行淨大法道門。	名 菩 薩 行 淨 大 法 道 門  
ZH_T10_0292_006:0653b11_12	吾今所演法門之要粗舉都較，如來、至真所頒宣義不可限量，悅眾明智。	吾 今 所 演 法 門 之 要 粗 舉 都 較  如 來  至 真 所 頒 宣 義 不 可 限 量  悅 眾 明 智  
ZH_T10_0292_006:0653b12_7	「諸菩薩行皆承大願，未曾斷絕。	 諸 菩 薩 行 皆 承 大 願  未 曾 斷 絕  
ZH_T10_0292_006:0653b14_6	假使人聞歡喜信者，心以懷信則習奉行、成就此義，皆當疾成無上正真之道為最正覺。	假 使 人 聞 歡 喜 信 者  心 以 懷 信 則 習 奉 行  成 就 此 義  皆 當 疾 成 無 上 正 真 之 道 為 最 正 覺  
ZH_T10_0292_006:0653b14_11	所以者何？	所以者何  
ZH_T10_0292_006:0653b15_6	計菩薩道以行為要，未曾離行。	計 菩 薩 道 以 行 為 要  未 曾 離 行  
ZH_T10_0292_006:0653b15_18	是故，菩薩大士當住於行。	是 故  菩薩大士 當 住 於 行  
ZH_T10_0292_006:0653b18_8	以能行此菩薩功勳——入分別義，好如蓮華——輒能得入一切法門無極聖室、度世徑路，離於聲聞、一切緣覺之徑路也。	以 能 行 此 菩 薩 功 勳   入 分 別 義  好 如 蓮 華   輒 能 得 入 一切法門 無 極 聖 室  度 世 徑 路  離 於 聲 聞  一 切 緣 覺 之 徑 路 也  
ZH_T10_0292_006:0653b19_16	化諸眾生，無所懷俠，照一切法經、法門勸諸群黎，使得長益。	化 諸 眾 生  無 所 懷 俠  照 一 切 法 經  法 門 勸 諸 群 黎  使 得 長 益  
ZH_T10_0292_006:0653b21_9	度世法門當至心聽，度世法品受持、諷誦、一心思惟，修道目門，奉遵所願。	度 世 法 門 當 至 心 聽  度 世 法 品 受 持  諷 誦  一 心 思 惟  修 道 目 門  奉 遵 所 願  
ZH_T10_0292_006:0653b22_12	行如是已，菩薩所求終不難得，疾成無上正真之道。	行 如 是 已  菩 薩 所 求 終 不 難 得  疾 成 無 上 正 真 之 道  
ZH_T10_0292_006:0653b24_17	」說是經時——宣說法門，演度世法品——十方無量不可計會諸佛世界為大震動——皆佛威神之所興化。	 說 是 經 時   宣 說 法 門  演 度 世 法 品   十 方 無 量 不 可 計 會 諸 佛 世 界 為 大 震 動   皆 佛 威 神 之 所 興 化  
ZH_T10_0292_006:0653b26_5	宣致此法得是經典，一切佛土自然動者，而大光明靡所不耀。	宣 致 此 法 得 是 經 典  一 切 佛 土 自 然 動 者  而 大 光 明 靡 所 不 耀  
ZH_T10_0292_006:0653b27_4	十方諸佛皆各現身，而遙讚歎普賢菩薩：	十方諸佛 皆 各 現 身  而 遙 讚 歎 普 賢 菩 薩  
ZH_T10_0292_006:0653b27_11	「善哉，善哉。	 善 哉  善 哉  
ZH_T10_0292_006:0653b27_16	最勝之子！	最 勝 之 子  
ZH_T10_0292_006:0653b28_18	隨時講說菩薩大士功勳之德、分別正義，一何快乎。	隨 時 講 說 菩薩大士 功 勳 之 德  分 別 正 義  一 何 快 乎  
ZH_T10_0292_006:0653c01_3	開闡班宣度世法品，如汝佛子本學真諦解達斯法。	開 闡 班 宣 度 世 法 品  如 汝 佛 子 本 學 真 諦 解 達 斯 法  
ZH_T10_0292_006:0653c02_6	今者善說，承經威德，光明清淨經典之要我等悉解；	今 者 善 說  承 經 威 德  光 明 清 淨 經 典 之 要 我 等 悉 解  
ZH_T10_0292_006:0653c03_1	諸佛亦然，吾等亦共稱譽此經。	諸 佛 亦 然  吾 等 亦 共 稱 譽 此 經  
ZH_T10_0292_006:0653c04_13	於今現在十方諸佛，為諸當來諸菩薩、學未聞者施慈恩廣大，乃如是乎。	於 今 現 在 十方諸佛  為 諸 當 來 諸 菩 薩  學 未 聞 者 施 慈 恩 廣 大  乃 如 是 乎  
ZH_T10_0292_006:0653c07_2	」於是，普賢菩薩大士承佛聖旨、十方眾聖之所接護，觀於十方、察諸眾會、普瞻法界而說頌曰：	 於 是  普 賢 菩薩大士 承 佛 聖 旨  十 方 眾 聖 之 所 接 護  觀 於 十 方  察 諸 眾 會  普 瞻 法 界 而 說 頌 曰  
ZH_T10_0292_006:0653c08_0	「修千億兆劫，　　勤奉難限量，	 修 千 億 兆 劫    勤 奉 難 限 量  
ZH_T10_0292_006:0653c09_13	歸千載姟佛，　　因生諸法子。	歸 千 載 姟 佛    因 生 諸 法 子  
ZH_T10_0292_006:0653c10_0	開化於眾生，　　立道無崖底，	開 化 於 眾 生    立 道 無 崖 底  
ZH_T10_0292_006:0653c11_13	咸共一心聽，　　歎佛無等倫。	咸 共 一 心 聽    歎 佛 無 等 倫  
ZH_T10_0292_006:0653c12_13	供佛不可限，　　已不著佛道；	供 佛 不 可 限    已 不 著 佛 道  
ZH_T10_0292_006:0653c13_13	解群黎庶欲，　　不想計有人。	解 群 黎 庶 欲    不 想 計 有 人  
ZH_T10_0292_006:0653c14_0	見佛之功德，　　不依其名勳，	見 佛 之 功 德    不 依 其 名 勳  
ZH_T10_0292_006:0653c15_13	嗟歎彼尊行，　　歡悅世巍巍。	嗟 歎 彼 尊 行    歡 悅 世 巍 巍  
ZH_T10_0292_006:0653c16_0	已除罪塵魔，　　普現於三世，	已 除 罪 塵 魔    普 現 於 三 世  
ZH_T10_0292_006:0653c17_13	其德超眾聖，　　顯殊異力行。	其 德 超 眾 聖    顯 殊 異 力 行  
ZH_T10_0292_006:0653c18_0	燒盡癡愛行，　　志性存寂寞，	燒 盡 癡 愛 行    志 性 存 寂 寞  
ZH_T10_0292_006:0653c19_13	現行眾齊限，　　今當歎功勳。	現 行 眾 齊 限    今 當 歎 功 勳  
ZH_T10_0292_006:0653c20_0	最聖所過度，　　眾生趣如幻，	最 聖 所 過 度    眾 生 趣 如 幻  
ZH_T10_0292_006:0653c21_13	為示若干變，　　令人除自大。	為 示 若 干 變    令 人 除 自 大  
ZH_T10_0292_006:0653c22_0	適發心之頃，　　普能悉曉了，	適 發心之頃    普 能 悉 曉 了  
ZH_T10_0292_006:0653c23_13	今歎彼功勳，　　眾生所奉敬。	今 歎 彼 功 勳    眾 生 所 奉 敬  
ZH_T10_0292_006:0653c24_0	覩苦惱眾生，　　五徑生老患、	覩 苦 惱 眾 生    五 徑 生 老 患  
ZH_T10_0292_006:0653c25_13	終亡憂慼危，　　愛欲所傷害。	終 亡 憂 慼 危    愛 欲 所 傷 害  
ZH_T10_0292_006:0653c26_0	愍欲度此等，　　故建廣尊慧，	愍 欲 度 此 等    故 建 廣 尊 慧  
ZH_T10_0292_006:0653c27_13	當歎此功勳，　　且共一心聽。	當 歎 此 功 勳    且 共 一 心 聽  
ZH_T10_0292_006:0653c28_0	施、戒、忍、精進、　　一心以自娛、	施  戒  忍  精 進    一 心 以 自 娛  
ZH_T10_0292_006:0653c29_13	權慧度無極，　　施以無極慈。	權 慧 度 無 極    施 以 無 極 慈  
ZH_T10_0292_006:0654a01_0	悲喜樂於法，　　百千劫護行，	悲 喜 樂 於 法    百 千 劫 護 行  
ZH_T10_0292_006:0654a02_13	今當歎此行，　　聽所說功德。	今 當 歎 此 行    聽 所 說 功 德  
ZH_T10_0292_006:0654a03_0	以求佛道故，　　消千億姟身，	以 求 佛 道 故    消 千 億 姟 身  
ZH_T10_0292_006:0654a04_13	不貪惜軀命，　　是為殊道真。	不 貪 惜 軀 命    是 為 殊 道 真  
ZH_T10_0292_006:0654a05_0	精勤為眾生，　　常覆欲安己，	精 勤 為 眾 生    常 覆 欲 安 己  
ZH_T10_0292_006:0654a06_0	歎能仁超行，　　志懷愍哀慈，	歎 能 仁 超 行    志 懷 愍 哀 慈  
ZH_T10_0292_006:0654a07_13	無數千億載，　　劫數歎名稱。	無 數 千 億 載    劫 數 歎 名 稱  
ZH_T10_0292_006:0654a08_0	以一毛取水，　　尚可盡大海，	以 一 毛 取 水    尚 可 盡 大 海  
ZH_T10_0292_006:0654a09_13	所行精進德，　　過是不可喻。	所 行 精 進 德    過 是 不 可 喻  
ZH_T10_0292_006:0654a10_0	且聽佛境界，　　所現愍群庶，	且 聽 佛 境 界    所 現 愍 群 庶  
ZH_T10_0292_006:0654a11_13	為眾生之故，　　長清白德本。	為 眾 生 之 故    長 清 白 德 本  
ZH_T10_0292_006:0654a12_0	志性不卒暴、　　不厭道法樂，	志 性 不 卒 暴    不 厭 道 法 樂  
ZH_T10_0292_006:0654a13_13	建立眾生處，　　慧江淵智樹。	建 立 眾 生 處    慧 江 淵 智 樹  
ZH_T10_0292_006:0654a14_0	世尊如天地，　　群黎常戴仰，	世 尊 如 天 地    群 黎 常 戴 仰  
ZH_T10_0292_006:0654a15_0	慈濡愍為根、　　護禁仁為莖、	慈 濡 愍 為 根    護 禁 仁 為 莖  
ZH_T10_0292_006:0654a16_13	尊勳慧華葉，　　戒香甚清淨。	尊 勳 慧 華 葉    戒 香 甚 清 淨  
ZH_T10_0292_006:0654a17_0	悟諸不覺意，　　眾生愛敬行，	悟 諸 不 覺 意    眾 生 愛 敬 行  
ZH_T10_0292_006:0654a18_13	無著等蓮華，　　眾生見歸命。	無 著 等 蓮 華    眾 生 見 歸 命  
ZH_T10_0292_006:0654a19_0	解脫為種稷，　　身本性懷慈，	解 脫 為 種 稷    身 本 性 懷 慈  
ZH_T10_0292_006:0654a20_13	智慧善權術，　　五枝度彼岸。	智 慧 善 權 術    五 枝 度 彼 岸  
ZH_T10_0292_006:0654a21_0	禪葉、神通華、　　一切智慧實、	禪 葉  神 通 華    一 切 智 慧 實  
ZH_T10_0292_006:0654a22_13	神足尊法樹，　　弘覆於三界。	神 足 尊 法 樹    弘 覆 於 三 界  
ZH_T10_0292_006:0654a23_0	本修清淨跡，　　長育廣慧義，	本 修 清 淨 跡    長 育 廣 慧 義  
ZH_T10_0292_006:0654a24_13	師子頸頤念，　　智慧淨繒首。	師 子 頸 頤 念    智 慧 淨 繒 首  
ZH_T10_0292_006:0654a25_0	空慧義第一，　　慈愍度世明，	空 慧 義 第 一    慈 愍 度 世 明  
ZH_T10_0292_006:0654a26_13	無我如師子，　　能吼降眾魔。	無 我 如 師 子    能 吼 降 眾 魔  
ZH_T10_0292_006:0654a27_0	得越生死曠，　　眾民邪塵欲，	得 越 生 死 曠    眾 民 邪 塵 欲  
ZH_T10_0292_006:0654a28_13	度所有家業，　　奉要行除愚。	度 所 有 家 業    奉 要 行 除 愚  
ZH_T10_0292_006:0654a29_0	迷惑示正路，　　顯佛無上道，	迷 惑 示 正 路    顯 佛 無 上 道  
ZH_T10_0292_006:0654b01_13	立志無恐畏，　　為殊勝導師。	立 志 無 恐 畏    為 殊 勝 導 師  
ZH_T10_0292_006:0654b02_0	眾生婬、怒、癡、　　冥塵若干弊，	眾 生 婬  怒  癡    冥 塵 若 干 弊  
ZH_T10_0292_006:0654b03_13	長夜隨有為，　　苦父母所惱。	長 夜 隨 有 為    苦 父 母 所 惱  
ZH_T10_0292_006:0654b04_0	見群黎出生，　　以哀療愛欲，	見 群 黎 出 生    以 哀 療 愛 欲  
ZH_T10_0292_006:0654b05_13	講八萬四千，　　用治棄眾病。	講 八萬四千    用 治 棄 眾 病  
ZH_T10_0292_006:0654b06_0	此降伏魔塵，　　以法訓眾生，	此 降 伏 魔 塵    以 法 訓 眾 生  
ZH_T10_0292_006:0654b07_13	棄惡無所習，　　求嚴淨佛德。	棄 惡 無 所 習    求 嚴 淨 佛 德  
ZH_T10_0292_006:0654b08_0	解法兩足帝、　　一切智慧尊，	解 法 兩 足 帝    一 切 智 慧 尊  
ZH_T10_0292_006:0654b09_13	以賢聖之財，　　實廣覺冥眾。	以 賢 聖 之 財    實 廣 覺 冥 眾  
ZH_T10_0292_006:0654b10_0	戒、三昧自娛，　　以聖淨智慧，	戒  三 昧 自 娛    以 聖 淨 智 慧  
ZH_T10_0292_006:0654b11_13	用明達刀刃，　　度塵無恐懼。	用 明 達 刀 刃    度 塵 無 恐 懼  
ZH_T10_0292_006:0654b12_0	作變於法幻，　　因轉最法輪，	作 變 於 法 幻    因 轉 最 法 輪  
ZH_T10_0292_006:0654b13_13	亦不退迴還，　　一切異學意。	亦 不 退 迴 還    一 切 異 學 意  
ZH_T10_0292_006:0654b14_0	曉了深盡慧，　　普生其法味，	曉 了 深 盡 慧    普 生 其 法 味  
ZH_T10_0292_006:0654b15_13	覺意寶神足，　　開難化民庶。	覺 意 寶 神 足    開 難 化 民 庶  
ZH_T10_0292_006:0654b16_0	住千通慧力，　　嚴淨三為君，	住 千 通 慧 力    嚴 淨 三 為 君  
ZH_T10_0292_006:0654b17_13	斯為大慧海，　　無雙說無盡。	斯 為 大 慧 海    無 雙 說 無 盡  
ZH_T10_0292_006:0654b18_13	以越度世俗，　　不著三處眾；	以 越 度 世 俗    不 著 三 處 眾  
ZH_T10_0292_006:0654b19_13	以成禪神通，　　慧如山不動。	以 成 禪 神 通    慧 如 山 不 動  
ZH_T10_0292_006:0654b20_0	其有比清淨，　　無及智慧明，	其 有 比 清 淨    無 及 智 慧 明  
ZH_T10_0292_006:0654b21_13	德聖超須彌，　　愍住眾生仰；	德 聖 超 須 彌    愍 住 眾 生 仰  
ZH_T10_0292_006:0654b22_0	性強若金剛，　　所修皆要固，	性 強 若 金 剛    所 修 皆 要 固  
ZH_T10_0292_006:0654b23_13	其心不可毀，　　重法奉普智。	其 心 不 可 毀    重 法 奉 普 智  
ZH_T10_0292_006:0654b24_0	遊眾魔塵欲，　　在世住無畏，	遊 眾 魔 塵 欲    在 世 住 無 畏  
ZH_T10_0292_006:0654b25_13	消恩愛然熾，　　總攝俗群黎。	消 恩 愛 然 熾    總 攝 俗 群 黎  
ZH_T10_0292_006:0654b26_13	普布於慈雨，　　演愍哀光㷿；	普 布 於 慈 雨    演 愍 哀 光 㷿  
ZH_T10_0292_006:0654b27_13	四神足雷鳴，　　能仁寂暢音。	四 神 足 雷 鳴    能 仁 寂 暢 音  
ZH_T10_0292_006:0654b28_0	雨四分別辨、　　清和八品道，	雨 四 分 別 辨    清 和 八 品 道  
ZH_T10_0292_006:0654b29_13	以此大陰雨，　　清滅眾塵勞。	以 此 大 陰 雨    清 滅 眾 塵 勞  
ZH_T10_0292_006:0654c01_0	智垣牆恥塹，　　𥩳法幢為幡，	智 垣 牆 恥 塹    𥩳 法 幢 為 幡  
ZH_T10_0292_006:0654c02_13	聖如牆解門，　　意念守門者。	聖 如 牆 解 門    意 念 守 門 者  
ZH_T10_0292_006:0654c03_0	四諦成徑路，　　淨神足嚴跡，	四 諦 成 徑 路    淨 神 足 嚴 跡  
ZH_T10_0292_006:0654c04_13	法幻為城郭，　　主三界降魔。	法 幻 為 城 郭    主 三 界 降 魔  
ZH_T10_0292_006:0654c05_0	樹心一切智，　　堅住足飛行，	樹 心 一 切 智    堅 住 足 飛 行  
ZH_T10_0292_006:0654c06_13	如鳥獨遊行，　　慈愍為明曜。	如 鳥 獨 遊 行    慈 愍 為 明 曜  
ZH_T10_0292_006:0654c07_0	教化如鳳凰，　　眾生無能逮，	教 化 如 鳳 凰    眾 生 無 能 逮  
ZH_T10_0292_006:0654c08_13	拔度生死海，　　立志上泥洹。	拔 度生死海    立 志 上 泥 洹  
ZH_T10_0292_006:0654c09_0	以戒、定道場，　　興慧華鬘淨，	以 戒  定 道 場    興 慧 華 鬘 淨  
ZH_T10_0292_006:0654c10_13	以明消塵勞，　　枯竭恩愛流。	以 明 消 塵 勞    枯 竭 恩 愛 流  
ZH_T10_0292_006:0654c11_0	增長藥根力，　　淨眾佛上道，	增 長 藥 根 力    淨 眾 佛 上 道  
ZH_T10_0292_006:0654c12_13	則奮法日光，　　以照眾生界。	則 奮 法 日 光    以 照 眾 生 界  
ZH_T10_0292_006:0654c13_0	法境場等淨，　　不捨等眾生，	法 境 場 等 淨    不 捨 等 眾 生  
ZH_T10_0292_006:0654c14_14	一切照諸學、　　聲聞、緣覺乘。	一 切 照 諸 學    聲 聞  緣 覺 乘  
ZH_T10_0292_006:0654c15_0	心普見三世，　　消念所增損，	心 普 見 三 世    消 念 所 增 損  
ZH_T10_0292_006:0654c16_13	意聖慧超異，　　暢眾生如空。	意 聖 慧 超 異    暢 眾 生 如 空  
ZH_T10_0292_006:0654c17_0	於法得自在，　　在眾嚴德像，	於 法 得 自 在    在 眾 嚴 德 像  
ZH_T10_0292_006:0654c18_13	興明執金剛，　　常立在法地。	興 明 執 金 剛    常 立 在 法 地  
ZH_T10_0292_006:0654c19_0	身相若干好，　　清淨超諸世，	身 相 若 干 好    清 淨 超 諸 世  
ZH_T10_0292_006:0654c20_13	為眾積經典，　　群黎最尊法。	為 眾 積 經 典    群 黎 最 尊 法  
ZH_T10_0292_006:0654c21_0	以越於三世，　　愛網、眾塵勞，	以 越 於 三 世    愛 網  眾 塵 勞  
ZH_T10_0292_006:0654c22_13	慈愍諸世俗，　　樂法作慈護。	慈 愍 諸 世 俗    樂 法 作 慈 護  
ZH_T10_0292_006:0654c23_0	現身於三界，　　法音告一切，	現 身 於 三 界    法 音 告 一 切  
ZH_T10_0292_006:0654c24_13	清淨猶如梵，　　濟邪見無樂。	清 淨 猶 如 梵    濟 邪 見 無 樂  
ZH_T10_0292_006:0654c25_0	清淨度生死，　　境界法豪尊，	清 淨 度 生 死    境 界 法 豪 尊  
ZH_T10_0292_006:0654c26_13	不復重退還，　　大意攝蠕動。	不 復 重 退 還    大 意 攝 蠕 動  
ZH_T10_0292_006:0654c27_0	法尊超於世，　　以慧懷來眾，	法 尊 超 於 世    以 慧 懷 來 眾  
ZH_T10_0292_006:0654c28_13	一切功勳最，　　大稱普流世。	一 切 功 勳 最    大 稱 普 流 世  
ZH_T10_0292_006:0654c29_0	自然如虛空，　　除一切顛倒，	自 然 如 虛 空    除 一 切 顛 倒  
ZH_T10_0292_006:0655a01_13	在眾造超異，　　永不著諸界。	在 眾 造 超 異    永 不 著 諸 界  
ZH_T10_0292_006:0655a02_0	普入清淨行，　　亦建立眾生，	普 入 清 淨 行    亦 建 立 眾 生  
ZH_T10_0292_006:0655a03_13	其智極玄妙，　　斯慧淨復淨。	其 智 極 玄 妙    斯 慧 淨 復 淨  
ZH_T10_0292_006:0655a04_13	權便曠如地，　　普遍五眾生；	權 便 曠 如 地    普 遍 五 眾 生  
ZH_T10_0292_006:0655a05_13	其慈猶如水，　　洗除眾塵欲。	其 慈 猶 如 水    洗 除 眾 塵 欲  
ZH_T10_0292_006:0655a06_0	以慧消愛欲，　　拔濟眾穿漏，	以 慧 消 愛 欲    拔 濟 眾 穿 漏  
ZH_T10_0292_006:0655a07_13	世尊無崖底，　　遊三界如風。	世 尊 無 崖 底    遊 三 界 如 風  
ZH_T10_0292_006:0655a08_13	斯黨猶如寶，　　濟諸貧乏道；	斯 黨 猶 如 寶    濟 諸 貧 乏 道  
ZH_T10_0292_006:0655a09_13	如金剛無侶，　　棄三處諸見。	如 金 剛 無 侶    棄 三 處 諸 見  
ZH_T10_0292_006:0655a10_0	其音若干品，　　普德嚴三界，	其 音 若 干 品    普 德 嚴 三 界  
ZH_T10_0292_006:0655a11_13	尊如夜明珠，　　其行立首頂。	尊 如 夜 明 珠    其 行 立 首 頂  
ZH_T10_0292_006:0655a12_0	功勳如眾華，　　覺意以自娛，	功 勳 如 眾 華    覺 意 以 自 娛  
ZH_T10_0292_006:0655a13_13	斯等如華鬘，　　超世誓正願。	斯 等 如 華 鬘    超 世 誓 正 願  
ZH_T10_0292_006:0655a14_0	其戒香清淨，　　完具無缺漏，	其 戒 香 清 淨    完 具 無 缺 漏  
ZH_T10_0292_006:0655a15_13	以淨塗法香，　　慧布於三處；	以 淨 塗 法 香    慧 布 於 三 處  
ZH_T10_0292_006:0655a16_0	其行如高蓋，　　覆去塵勞欲，	其 行 如 高 蓋    覆 去 塵 勞 欲  
ZH_T10_0292_006:0655a17_13	以跱立慧幢，　　執意無二跡；	以 跱 立 慧 幢    執 意 無 二 跡  
ZH_T10_0292_006:0655a18_0	以行雜幡綵，　　修慧而懸智，	以 行 雜 幡 綵    修 慧 而 懸 智  
ZH_T10_0292_006:0655a19_13	諦羞恥衣服，　　以德覆眾生。	諦 羞 恥 衣 服    以 德 覆 眾 生  
ZH_T10_0292_006:0655a20_0	無量界居乘，　　馳遊於三世，	無 量 界 居 乘    馳 遊 於 三 世  
ZH_T10_0292_006:0655a21_13	調定如龍象，　　其心常堅住。	調 定 如 龍 象    其 心 常 堅 住  
ZH_T10_0292_006:0655a22_0	神足遊三世，　　越度大重擔，	神 足 遊 三 世    越 度 大 重 擔  
ZH_T10_0292_006:0655a23_13	亦如大龍王，　　所布雲法水；	亦 如 大 龍 王    所 布 雲 法 水  
ZH_T10_0292_006:0655a24_13	亦如靈瑞華，　　眾人所難遇。	亦 如 靈 瑞 華    眾 人 所 難 遇  
ZH_T10_0292_006:0655a25_0	斯等如勇好，　　降魔拔塵勞，	斯 等 如 勇 好    降 魔 拔 塵 勞  
ZH_T10_0292_006:0655a26_13	亦如無轉輪，　　導師所頒宣。	亦 如 無 轉 輪    導 師 所 頒 宣  
ZH_T10_0292_006:0655a27_13	現群黎終始，　　如冥中火炬；	現 群 黎 終 始    如 冥 中 火 炬  
ZH_T10_0292_006:0655a28_13	其德如江河，　　順路如流水。	其 德 如 江 河    順 路 如 流 水  
ZH_T10_0292_006:0655a29_13	斯等如橋梁，　　常執載一切；	斯 等 如 橋 梁    常 執 載 一 切  
ZH_T10_0292_006:0655b01_13	如嚴淨舟船，　　以慧願度淵；	如 嚴 淨 舟 船    以 慧 願 度 淵  
ZH_T10_0292_006:0655b02_13	亦復如船師，　　住眾明地最。	亦 復 如 船 師    住 眾 明 地 最  
ZH_T10_0292_006:0655b03_0	遊觀夜娛樂，　　為眾顯真樂，	遊 觀 夜 娛 樂    為 眾 顯 真 樂  
ZH_T10_0292_006:0655b04_13	以慧法脫門，　　嚴慧淨宮殿。	以 慧 法 脫 門    嚴 慧 淨 宮 殿  
ZH_T10_0292_006:0655b05_13	亦復如眾藥，　　消除塵勞病；	亦 復 如 眾 藥    消 除 塵 勞 病  
ZH_T10_0292_006:0655b06_13	如雪山雜藥，　　妙慧為屋宅。	如 雪 山 雜 藥    妙 慧 為 屋 宅  
ZH_T10_0292_006:0655b07_13	其行如正覺，　　慧寤諸睡寐；	其 行 如 正 覺    慧 寤 諸 睡 寐  
ZH_T10_0292_006:0655b08_13	其道平等覺，　　等心了眾生。	其 道 平 等 覺    等 心 了 眾 生  
ZH_T10_0292_006:0655b09_0	斯所從來處，　　如勝行誠信，	斯 所 從 來 處    如 勝 行 誠 信  
ZH_T10_0292_006:0655b10_13	猶若一切智，　　入普門慧室。	猶 若 一 切 智    入 普 門 慧 室  
ZH_T10_0292_006:0655b11_0	斯等多所化，　　濟若干眾生，	斯 等 多 所 化    濟 若 干 眾 生  
ZH_T10_0292_006:0655b12_13	以自在佛慧，　　遊一切智界。	以 自 在 佛 慧    遊 一 切 智 界  
ZH_T10_0292_006:0655b13_13	其力不可量，　　一切莫能當；	其 力 不 可 量    一 切 莫 能 當  
ZH_T10_0292_006:0655b14_0	其慧無所畏，　　解慧曉眾生，	其 慧 無 所 畏    解 慧 曉 眾 生  
ZH_T10_0292_006:0655b15_14	一切民庶像、　　顏貌、名無濟。	一 切 民 庶 像    顏 貌  名 無 濟  
ZH_T10_0292_006:0655b16_0	諸色皆平等，　　字類、諸音聲，	諸 色 皆 平 等    字 類  諸 音 聲  
ZH_T10_0292_006:0655b17_13	悉度眾色像，　　離名音能現。	悉 度 眾 色 像    離 名 音 能 現  
ZH_T10_0292_006:0655b18_0	一切眾生類，　　不任宣德耀，	一 切 眾 生 類    不 任 宣 德 耀  
ZH_T10_0292_006:0655b19_13	其修此功勳，　　捨非建立法。	其 修 此 功 勳    捨 非 建 立 法  
ZH_T10_0292_006:0655b20_0	現在為慧父，　　以遠有無際，	現 在 為 慧 父    以 遠 有 無 際  
ZH_T10_0292_006:0655b21_13	則為一切智，　　於慧第一明。	則 為 一 切 智    於 慧 第 一 明  
ZH_T10_0292_006:0655b22_0	嗟入無著行，　　遵敬歡悅世，	嗟 入 無 著 行    遵 敬 歡 悅 世  
ZH_T10_0292_006:0655b23_13	解了諸法門，　　如幻常空寂。	解 了 諸 法 門    如 幻 常 空 寂  
ZH_T10_0292_006:0655b24_0	往古願行哀，　　亦承佛聖旨，	往 古 願 行 哀    亦 承 佛 聖 旨  
ZH_T10_0292_006:0655b25_13	離慢顯惠門，　　而現若干變。	離 慢 顯 惠 門    而 現 若 干 變  
ZH_T10_0292_006:0655b26_0	皆共一心聽，　　菩薩之功勳，	皆 共 一 心 聽    菩 薩 之 功 勳  
ZH_T10_0292_006:0655b27_0	則以一身形，　　廣現無數德、	則 以 一 身 形    廣 現 無 數 德  
ZH_T10_0292_006:0655b28_13	無心意境界，　　眾生不見心。	無 心 意 境 界    眾 生 不 見 心  
ZH_T10_0292_006:0655b29_0	演出一音聲，　　越諸辭境界，	演 出 一 音 聲    越 諸 辭 境 界  
ZH_T10_0292_006:0655c01_13	隨一切群黎，　　言語而班宣。	隨 一 切 群 黎    言 語 而 班 宣  
ZH_T10_0292_006:0655c02_0	以捨眾生身，　　欲報所行體，	以 捨 眾 生 身    欲 報 所 行 體  
ZH_T10_0292_006:0655c03_13	解音無所有，　　而暢眾聲教。	解 音 無 所 有    而 暢 眾 聲 教  
ZH_T10_0292_006:0655c04_0	心寂寞顯耀，　　覺諦如虛空，	心 寂 寞 顯 耀    覺 諦 如 虛 空  
ZH_T10_0292_006:0655c05_13	黎庶世各異，　　亦為示若干。	黎 庶 世 各 異    亦 為 示 若 干  
ZH_T10_0292_006:0655c06_13	究竟無有身，　　尚復現有形？	究 竟 無 有 身    尚 復 現 有 形  
ZH_T10_0292_006:0655c07_13	隨眾之所生，　　得立報應果。	隨 眾 之 所 生    得 立 報 應 果  
ZH_T10_0292_006:0655c08_0	皆入諸所生，　　不着於所生，	皆 入 諸 所 生    不 着 於 所 生  
ZH_T10_0292_006:0655c09_13	己身如虛空，　　不想若干人。	己 身 如 虛 空    不 想 若 干 人  
ZH_T10_0292_006:0655c10_0	其身不可量，　　明智悉能現，	其 身 不 可 量    明 智 悉 能 現  
ZH_T10_0292_006:0655c11_13	奉敬天人尊，　　歸世一切智。	奉 敬 天 人 尊    歸 世 一 切 智  
ZH_T10_0292_006:0655c12_0	華香、雜擣香、　　妓樂、繒幡蓋、	華 香  雜 擣 香    妓 樂  繒 幡 蓋  
ZH_T10_0292_006:0655c13_13	身命自投地，　　供養上聖尊。	身 命 自 投 地    供 養 上 聖 尊  
ZH_T10_0292_006:0655c14_0	住一最勝下，　　皆立諸佛前，	住 一 最 勝 下    皆 立 諸 佛 前  
ZH_T10_0292_006:0655c15_13	覩見諸眾舍，　　常問無等倫。	覩 見 諸 眾 舍    常 問 無 等 倫  
ZH_T10_0292_006:0655c16_0	聞法逮三昧，　　一臺無量門，	聞 法 逮 三 昧    一 臺 無 量 門  
ZH_T10_0292_006:0655c17_13	從本所學住，　　意勇現無量。	從 本 所 學 住    意 勇 現 無 量  
ZH_T10_0292_006:0655c18_0	善權智慧業，　　以度于彼岸，	善 權 智 慧 業    以 度 于 彼 岸  
ZH_T10_0292_006:0655c19_13	曉眾生如幻，　　自致得佛道。	曉 眾 生 如 幻    自 致 得 佛 道  
ZH_T10_0292_006:0655c20_0	遍見別異心、　　無量色音聲，	遍 見 別 異 心    無 量 色 音 聲  
ZH_T10_0292_006:0655c21_13	入於求望想，　　無著普現眾。	入 於 求 望 想    無 著 普 現 眾  
ZH_T10_0292_006:0655c22_13	或復現第一，　　為眾生顯心；	或 復 現 第 一    為 眾 生 顯 心  
ZH_T10_0292_006:0655c23_13	或有行道者，　　見無量黎庶。	或 有 行 道 者    見 無 量 黎 庶  
ZH_T10_0292_006:0655c24_0	布施、戒、忍辱、　　精進、禪、智惠，	布 施  戒  忍 辱    精 進  禪  智 惠  
ZH_T10_0292_006:0655c25_0	或受梵跡行、　　或現上妙行、	或 受 梵 跡 行    或 現 上 妙 行  
ZH_T10_0292_006:0655c26_13	或有行成滿，　　得忍示瞋恚。	或 有 行 成 滿    得 忍 示 瞋 恚  
ZH_T10_0292_006:0655c27_0	一及生究竟，　　或阿惟顏佛、	一 及 生 究 竟    或 阿 惟 顏 佛  
ZH_T10_0292_006:0655c28_0	或顯聲聞像、　　或復為緣覺，	或 顯 聲 聞 像    或 復 為 緣 覺  
ZH_T10_0292_006:0655c29_13	億載國現滅、　　亦復不滅度；	億 載 國 現 滅    亦 復 不 滅 度  
ZH_T10_0292_006:0656a01_0	或斯刀利、釋、　　須倫、梵天王、	或 斯 刀 利  釋    須 倫  梵 天 王  
ZH_T10_0292_006:0656a02_6	玉女、諸眷屬；	玉 女  諸 眷 屬  
ZH_T10_0292_006:0656a03_5	　　或復獨遊步，比丘心寂寞；	  或 復 獨 遊 步  比 丘 心 寂 寞  
ZH_T10_0292_006:0656a04_5	　　或復為國主，入法網慧界；	  或 復 為 國 主  入 法 網 慧 界  
ZH_T10_0292_006:0656a05_5	　　或顯妙色像，從天而沒來；	  或 顯 妙 色 像  從 天 而 沒 來  
ZH_T10_0292_006:0656a06_5	　　或現女人像，所度於無極；	  或 現 女 人 像  所 度 於 無 極  
ZH_T10_0292_006:0656a06_13	　　或現在露精；	  或 現 在 露 精  
ZH_T10_0292_006:0656a07_5	或在廣欲禪。	或 在 廣 欲 禪  
ZH_T10_0292_006:0656a08_13	　　若積忍辱業，曉逮真諦地，　　現目見心行：	  若 積 忍 辱 業  曉 逮 真 諦 地    現 目 見 心 行  
ZH_T10_0292_006:0656a09_0	或示入胞胎，　　於胎成正覺，	或 示 入 胞 胎    於 胎 成 正 覺  
ZH_T10_0292_006:0656a10_5	而復轉法輪；	而 復 轉 法 輪  
ZH_T10_0292_006:0656a11_13	　　或生顯滅度、或復學伎術、　　女人中三昧。	  或 生 顯 滅 度  或 復 學 伎 術    女 人 中 三 昧  
ZH_T10_0292_006:0656a12_13	眾業已備悉，　　現棄國捐王；	眾 業 已 備 悉    現 棄 國 捐 王  
ZH_T10_0292_006:0656a13_13	或復佛樹下，　　逮成最正覺；	或 復 佛 樹 下    逮 成最正覺  
ZH_T10_0292_006:0656a14_13	或現轉法輪，　　顯現若干品；	或 現 轉 法 輪    顯 現 若 干 品  
ZH_T10_0292_006:0656a15_0	或佛化眾生，　　遍億千國土，	或 佛 化 眾 生    遍 億 千 國 土  
ZH_T10_0292_006:0656a16_5	示現不退行。	示 現 不 退 行  
ZH_T10_0292_006:0656a17_13	　　佛亦無寂業，入想度無極，　　遊於億千劫。	  佛 亦 無 寂 業  入 想 度 無 極    遊 於 億 千 劫  
ZH_T10_0292_006:0656a18_0	一心所顯現，　　境界百千劫，	一 心 所 顯 現    境 界 百 千 劫  
ZH_T10_0292_006:0656a19_14	諸想、無有想，　　為眾現劫數。	諸 想  無 有 想    為 眾 現 劫 數  
ZH_T10_0292_006:0656a20_0	無疑、無所說，　　而現有周旋，	無 疑  無 所 說    而 現 有 周 旋  
ZH_T10_0292_006:0656a21_13	見有作寂業，　　普降於眾生。	見 有 作 寂 業    普 降 於 眾 生  
ZH_T10_0292_006:0656a22_0	皆由降伏勝，　　彼處為澹泊，	皆 由 降 伏 勝    彼 處 為 澹 泊  
ZH_T10_0292_006:0656a23_13	佛國眾生界，　　入諸法報應。	佛 國 眾 生 界    入 諸 法 報 應  
ZH_T10_0292_006:0656a24_0	究竟百億劫，　　所宣不可窮，	究 竟 百 億 劫    所 宣 不 可 窮  
ZH_T10_0292_006:0656a25_13	入眾生如是，　　廣智曉黎庶。	入 眾 生 如 是    廣 智 曉 黎 庶  
ZH_T10_0292_006:0656a26_13	則以一人身，　　執無量變形；	則 以 一 人 身    執 無 量 變 形  
ZH_T10_0292_006:0656a27_13	亦以一幻術，　　常悉周一切。	亦 以 一 幻 術    常 悉 周 一 切  
ZH_T10_0292_006:0656a28_0	此說度無極，　　教諸不學者，	此 說 度 無 極    教 諸 不 學 者  
ZH_T10_0292_006:0656a29_13	解諸根通利，　　中間調定本；	解 諸 根 通 利    中 間 調 定 本  
ZH_T10_0292_006:0656b01_13	諸根得自在，　　眾生無有業。	諸 根 得 自 在    眾 生 無 有 業  
ZH_T10_0292_006:0656b02_0	一根入諸根，　　各各懷貪猗，	一 根 入 諸 根    各 各 懷 貪 猗  
ZH_T10_0292_006:0656b03_13	禪滅甚微妙，　　所住諸入根。	禪 滅 甚 微 妙    所 住 諸 入 根  
ZH_T10_0292_006:0656b04_0	是脫信施性，　　不止塵欲行，	是 脫 信 施 性    不 止 塵 欲 行  
ZH_T10_0292_006:0656b05_14	過去、當來心、　　現在亦如是。	過 去  當 來 心    現 在 亦 如 是  
ZH_T10_0292_006:0656b06_0	眾生度彼岸，　　無去亦無來，	眾 生 度 彼 岸    無 去 亦 無 來  
ZH_T10_0292_006:0656b07_13	盡曉真諦行，　　為眾演上法。	盡 曉 真 諦 行    為 眾 演 上 法  
ZH_T10_0292_006:0656b08_0	心如此若干，　　心行塵無漏，	心 如 此 若 干    心 行 塵 無 漏  
ZH_T10_0292_006:0656b09_13	一心入正道，　　甚解一切智。	一 心 入 正 道    甚 解 一 切 智  
ZH_T10_0292_006:0656b10_0	心在佛無心，　　住第一上慧，	心 在 佛 無 心    住 第 一 上 慧  
ZH_T10_0292_006:0656b11_13	一發心之頃，　　解別自然慧。	一 發心之頃    解 別 自 然 慧  
ZH_T10_0292_006:0656b12_13	神足度無極，　　識別一切聖；	神 足 度 無 極    識 別 一 切 聖  
ZH_T10_0292_006:0656b13_0	神通發念頃，　　至無量載國，	神 通 發 念 頃    至 無 量 載 國  
ZH_T10_0292_006:0656b14_5	普遊亦如是。	普 遊 亦 如 是  
ZH_T10_0292_006:0656b15_13	　　億百那術劫，宣智不可量，　　不動普徹力。	  億 百 那 術 劫  宣 智 不 可 量    不 動 普 徹 力  
ZH_T10_0292_006:0656b16_0	幻師求財業，　　眾中見諸像、	幻 師 求 財 業    眾 中 見 諸 像  
ZH_T10_0292_006:0656b17_13	無色見諸色，　　幻者無所有；	無 色 見 諸 色    幻 者 無 所 有  
ZH_T10_0292_006:0656b18_0	權慧亦如是，　　入於廣法幻，	權 慧 亦 如 是    入 於 廣 法 幻  
ZH_T10_0292_006:0656b19_13	現若干種變，　　普遍於世間。	現 若 干 種 變    普 遍 於 世 間  
ZH_T10_0292_006:0656b20_13	如日在虛空，　　清淨無微瞖；	如 日 在 虛 空    清 淨 無 微 瞖  
ZH_T10_0292_006:0656b21_13	猶如清淨水，　　見底之所有。	猶 如 清 淨 水    見 底 之 所 有  
ZH_T10_0292_006:0656b22_0	法界場淨然，　　慧明為遠照，	法 界 場 淨 然    慧 明 為 遠 照  
ZH_T10_0292_006:0656b23_13	見人界清淨，　　心不住邪見。	見 人 界 清 淨    心 不 住 邪 見  
ZH_T10_0292_006:0656b24_0	如夢種種思，　　覺則無所有，	如 夢 種 種 思    覺 則 無 所 有  
ZH_T10_0292_006:0656b25_13	無數億載歲，　　長夜不可盡。	無 數 億 載 歲    長 夜 不 可 盡  
ZH_T10_0292_006:0656b26_0	自然法等然，　　普現一切義，	自 然 法 等 然    普 現 一 切 義  
ZH_T10_0292_006:0656b27_13	竟住百千劫，　　一時須盡慧。	竟 住 百 千 劫    一 時 須 盡 慧  
ZH_T10_0292_006:0656b28_0	處世間方俗，　　如山頂門閫，	處 世 間 方 俗    如 山 頂 門 閫  
ZH_T10_0292_006:0656b29_13	一切所暢音，　　不想己說慧。	一 切 所 暢 音    不 想 己 說 慧  
ZH_T10_0292_006:0656c01_0	菩薩曉了此，　　諸法自然爾，	菩 薩 曉 了 此    諸 法 自 然 爾  
ZH_T10_0292_006:0656c02_13	隨眾生言嚮，　　現法音無想。	隨 眾 生 言 嚮    現 法 音 無 想  
ZH_T10_0292_006:0656c03_0	譬如春夏日，　　野馬人起想，	譬 如 春 夏 日    野 馬 人 起 想  
ZH_T10_0292_006:0656c04_13	馳走謂有水，　　虛渴益更甚；	馳 走 謂 有 水    虛 渴 益 更 甚  
ZH_T10_0292_006:0656c05_0	眾生欲興如，　　志求立解脫，	眾 生 欲 興 如    志 求 立 解 脫  
ZH_T10_0292_006:0656c06_13	得慧無人想，　　慈愍益更興。	得 慧 無 人 想    慈 愍 益 更 興  
ZH_T10_0292_006:0656c07_0	佛說色如沫、　　痛痒如水泡、	佛 說 色 如 沫    痛 痒 如 水 泡  
ZH_T10_0292_006:0656c08_13	想悉如野馬、　　行者譬芭蕉。	想 悉 如 野 馬    行 者 譬 芭 蕉  
ZH_T10_0292_006:0656c09_0	其心猶如幻，　　識現若干變，	其 心 猶 如 幻    識 現 若 干 變  
ZH_T10_0292_006:0656c10_13	演五陰如此，　　達者無所著。	演 五 陰 如 此    達 者 無 所 著  
ZH_T10_0292_006:0656c11_0	諸入空自然，　　隨己有所作，	諸 入 空 自 然    隨 己 有 所 作  
ZH_T10_0292_006:0656c12_13	以等於法界，　　現離眾生土。	以 等 於 法 界    現 離 眾 生 土  
ZH_T10_0292_006:0656c13_0	六事寂真諦，　　說若干不定，	六 事 寂 真 諦    說 若 干 不 定  
ZH_T10_0292_006:0656c14_5	是為分別解。	是 為 分 別 解  
ZH_T10_0292_006:0656c15_14	　　諸法所猗著，無來、無去處，　　亦無常住處。	  諸 法 所 猗 著  無 來  無 去 處    亦 無 常 住 處  
ZH_T10_0292_006:0656c16_0	恩愛之報應，　　罪福轉三世，	恩 愛 之 報 應    罪 福 轉 三 世  
ZH_T10_0292_006:0656c17_13	分別因緣生，　　無住而拔者。	分 別 因 緣 生    無 住 而 拔 者  
ZH_T10_0292_006:0656c18_0	至成求本末，　　依猗無所有，	至 成 求 本 末    依 猗 無 所 有  
ZH_T10_0292_006:0656c19_13	了三世一等，　　一時現若干。	了 三 世 一 等    一 時 現 若 干  
ZH_T10_0292_006:0656c20_0	在欲、無色界，　　普能顯境土，	在 欲  無 色 界    普 能 顯 境 土  
ZH_T10_0292_006:0656c21_13	從行致三護，　　濟脫於三處。	從 行 致 三 護    濟 脫 於 三 處  
ZH_T10_0292_006:0656c22_0	諮嗟宣三乘，　　歸一一切智，	諮 嗟 宣 三 乘    歸 一 一 切 智  
ZH_T10_0292_006:0656c23_13	剖判法處處，　　令度諸根原。	剖 判 法 處 處    令 度 諸 根 原  
ZH_T10_0292_006:0656c24_0	已解塵勞界，　　自在普遊居，	已 解 塵 勞 界    自 在 普 遊 居  
ZH_T10_0292_006:0656c25_13	識念過去事，　　明眼滅塵勞。	識 念 過 去 事    明 眼 滅 塵 勞  
ZH_T10_0292_006:0656c26_0	曠慧佛十力，　　亦不得諸力，	曠 慧 佛 十 力    亦 不 得 諸 力  
ZH_T10_0292_006:0656c27_13	覺一切空意，　　現觀眾生法。	覺 一 切 空 意    現 觀 眾 生 法  
ZH_T10_0292_006:0656c28_0	無愛欲穿漏、　　亦不得盡儻，	無 愛 欲 穿 漏    亦 不 得 盡 儻  
ZH_T10_0292_006:0656c29_13	入於諸所生，　　慧廣不失眾。	入 於 諸 所 生    慧 廣 不 失 眾  
ZH_T10_0292_006:0657a01_0	勝子勇住此，　　善施撰釋行，	勝 子 勇 住 此    善 施 撰 釋 行  
ZH_T10_0292_006:0657a02_14	不缺、不動道，　　其意不忽忘。	不 缺  不 動 道    其 意 不 忽 忘  
ZH_T10_0292_006:0657a03_0	好精進定意，　　智慧消諸穢，	好 精 進 定 意    智 慧 消 諸 穢  
ZH_T10_0292_006:0657a04_13	悉造慧法護，　　今現於三世。	悉 造 慧 法 護    今 現 於 三 世  
ZH_T10_0292_006:0657a05_0	慈法眾生侶，　　無為、無所得，	慈 法 眾 生 侶    無 為  無 所 得  
ZH_T10_0292_006:0657a06_13	其行此法門，　　逮致宣揚德。	其 行 此 法 門    逮 致 宣 揚 德  
ZH_T10_0292_006:0657a07_13	粗舉其功勳，　　莊嚴諸至義；	粗 舉 其 功 勳    莊 嚴 諸 至 義  
ZH_T10_0292_006:0657a08_13	嗟歎其所行，　　億載劫無盡；	嗟 歎 其 所 行    億 載 劫 無 盡  
ZH_T10_0292_006:0657a09_13	粗舉其要惠，　　如取地一塵。	粗 舉 其 要 惠    如 取 地 一 塵  
ZH_T10_0292_006:0657a10_0	依猗佛聖慧，　　住未曾想念，	依 猗 佛 聖 慧    住 未 曾 想 念  
ZH_T10_0292_006:0657a11_13	精進堅慈心，　　超遵一切業。	精 進 堅 慈 心    超 遵 一 切 業  
ZH_T10_0292_006:0657a12_0	勸眾而教化，　　禪、戒不可動，	勸 眾 而 教 化    禪  戒 不 可 動  
ZH_T10_0292_006:0657a13_13	逮得正決行，　　皆號為佛子。	逮 得 正 決 行    皆 號 為 佛 子  
ZH_T10_0292_006:0657a14_0	通入佛功勳，　　念國眾生行，	通 入 佛 功 勳    念 國 眾 生 行  
ZH_T10_0292_006:0657a15_13	入於無二想，　　惠超無厭難。	入 於 無 二 想    惠 超 無 厭 難  
ZH_T10_0292_006:0657a16_0	得辨力總持，　　度以真諦義，	得 辨 力 總 持    度 以 真 諦 義  
ZH_T10_0292_006:0657a17_13	讚無等倫心，　　逮成最正覺。	讚 無 等 倫 心    逮 成最正覺  
ZH_T10_0292_006:0657a18_13	普思賢功稱，　　誓願尊妙行；	普 思 賢 功 稱    誓 願 尊 妙 行  
ZH_T10_0292_006:0657a19_13	愍哀緣修慈，　　近尊淨妙道。	愍 哀 緣 修 慈    近 尊 淨 妙 道  
ZH_T10_0292_006:0657a20_13	解淨度無極，　　究竟權滅度；	解 淨 度 無 極    究 竟 權 滅 度  
ZH_T10_0292_006:0657a21_13	識別得勢力，　　逮成最上道；	識 別 得 勢 力    逮 成 最 上 道  
ZH_T10_0292_006:0657a22_13	解致普等惠，　　頒宣最上法。	解 致 普 等 惠    頒 宣 最 上 法  
ZH_T10_0292_006:0657a23_0	超德執聖鎧，　　在道遵法位，	超 德 執 聖 鎧    在 道 遵 法 位  
ZH_T10_0292_006:0657a24_13	究竟住聖旨，　　等心除雷音。	究 竟 住 聖 旨    等 心 除 雷 音  
ZH_T10_0292_006:0657a25_0	御慧化慢跡，　　得致和佛道，	御 慧 化 慢 跡    得 致 和 佛 道  
ZH_T10_0292_006:0657a26_13	智建立無想，　　致撫育之堂。	智 建 立 無 想    致 撫 育 之 堂  
ZH_T10_0292_006:0657a27_0	住深猗勇猛，　　蠲除眾生疑，	住 深 猗 勇 猛    蠲 除 眾 生 疑  
ZH_T10_0292_006:0657a28_13	思慧次第法，　　善報度無極。	思 慧 次 第 法    善 報 度 無 極  
ZH_T10_0292_006:0657a29_0	下入平等跡，　　慧部覺普智，	下 入 平 等 跡    慧 部 覺 普 智  
ZH_T10_0292_006:0657b01_13	以度雜碎智，　　神通自娛樂。	以 度 雜 碎 智    神 通 自 娛 樂  
ZH_T10_0292_006:0657b02_0	明照脫塵勞，　　為眾生苑囿，	明 照 脫 塵 勞    為 眾 生 苑 囿  
ZH_T10_0292_006:0657b03_13	清淨行宮殿，　　現若干妙行。	清 淨 行 宮 殿    現 若 干 妙 行  
ZH_T10_0292_006:0657b04_0	示眾無所淨，　　其心不動搖，	示 眾 無 所 淨    其 心 不 動 搖  
ZH_T10_0292_006:0657b05_13	究暢志性明，　　善說度無極。	究 暢 志 性 明    善 說 度 無 極  
ZH_T10_0292_006:0657b06_0	嚴淨道見中，　　奮慧光明曜，	嚴 淨 道 見 中    奮 慧 光 明 曜  
ZH_T10_0292_006:0657b07_14	無雙、無怯弱，　　其意如太山。	無 雙  無 怯 弱    其 意 如 太 山  
ZH_T10_0292_006:0657b08_13	德行至無極，　　智如海無盡；	德 行 至 無 極    智 如 海 無 盡  
ZH_T10_0292_006:0657b09_13	若寶室金剛，　　堅住大德鎧。	若 寶 室 金 剛    堅 住 大 德 鎧  
ZH_T10_0292_006:0657b10_0	所設極廣大，　　善解莫能壞，	所 設 極 廣 大    善 解 莫 能 壞  
ZH_T10_0292_006:0657b11_13	授決當至道，　　由住廣大心。	授 決 當 至 道    由 住 廣 大 心  
ZH_T10_0292_006:0657b12_0	得佛無盡藏，　　覺成一切智，	得 佛 無 盡 藏    覺 成 一 切 智  
ZH_T10_0292_006:0657b13_13	常護慧自在，　　曉了現變化。	常 護 慧 自 在    曉 了 現 變 化  
ZH_T10_0292_006:0657b14_0	眾生國法界，　　住慧顯權變，	眾 生 國 法 界    住 慧 顯 權 變  
ZH_T10_0292_006:0657b15_5	身願建遊行；	身 願 建 遊 行  
ZH_T10_0292_006:0657b16_5	　　慧變亦如是，現億載無量。	  慧 變 亦 如 是  現 億 載 無 量  
ZH_T10_0292_006:0657b17_0	顯力神通飛，　　究暢娛樂力，	顯 力 神 通 飛    究 暢 娛 樂 力  
ZH_T10_0292_006:0657b18_5	逮致覺境界。	逮 致 覺 境 界  
ZH_T10_0292_006:0657b19_13	　　難化眾生類，勇猛無所畏、　　嚴智無言辭。	  難 化 眾 生 類  勇 猛 無 所 畏    嚴 智 無 言 辭  
ZH_T10_0292_006:0657b20_13	一切為佛子，　　其身大清淨；	一 切 為 佛 子    其 身 大 清 淨  
ZH_T10_0292_006:0657b21_13	體業甚廣長，　　口言亦清淨。	體 業 甚 廣 長    口 言 亦 清 淨  
ZH_T10_0292_006:0657b22_0	樂建慧至成，　　最勝造十業，	樂 建 慧 至 成    最 勝 造 十 業  
ZH_T10_0292_006:0657b23_13	心心發其心，　　顯遍最為上。	心 心 發 其 心    顯 遍 最 為 上  
ZH_T10_0292_006:0657b24_0	定意教諸根，　　勝諸原堅住，	定 意 教 諸 根    勝 諸 原 堅 住  
ZH_T10_0292_006:0657b25_5	清淨除諛諂。	清 淨 除 諛 諂  
ZH_T10_0292_006:0657b26_13	　　性行常質直，以致入解脫，　　現眾若干變。	  性 行 常 質 直  以 致 入 解 脫    現 眾 若 干 變  
ZH_T10_0292_006:0657b27_0	棄捐所止處，　　執懷上品業，	棄 捐 所 止 處    執 懷 上 品 業  
ZH_T10_0292_006:0657b28_13	成其所當善，　　解達一切智。	成 其 所 當 善    解 達 一 切 智  
ZH_T10_0292_006:0657b29_0	不捨住寂然，　　住於上澹泊，	不 捨 住 寂 然    住 於 上 澹 泊  
ZH_T10_0292_006:0657c01_13	出生號功勳，　　善學於大道。	出 生 號 功 勳    善 學 於 大 道  
ZH_T10_0292_006:0657c02_0	求心無量業，　　奉行無所著，	求 心 無 量 業    奉 行 無 所 著  
ZH_T10_0292_006:0657c03_13	現道庶流淵，　　堅立入眾生。	現 道 庶 流 淵    堅 立 入 眾 生  
ZH_T10_0292_006:0657c04_0	所行以為手，　　腹強慧最上，	所 行 以 為 手    腹 強 慧 最 上  
ZH_T10_0292_006:0657c05_13	其意如金剛，　　愍鎧聖淨狀。	其 意 如 金 剛    愍 鎧 聖 淨 狀  
ZH_T10_0292_006:0657c06_0	智慧首觀法，　　識道行博聞，	智 慧 首 觀 法    識 道 行 博 聞  
ZH_T10_0292_006:0657c07_13	戒香為清淨，　　動靜為最上；	戒 香 為 清 淨    動 靜 為 最 上  
ZH_T10_0292_006:0657c08_13	身心遊言辨，　　心慧為最勝。	身 心 遊 言 辨    心 慧 為 最 勝  
ZH_T10_0292_006:0657c09_0	所行至佛道，　　坐於師子床，	所 行 至 佛 道    坐 於 師 子 床  
ZH_T10_0292_006:0657c10_13	梵行迹臥寐，　　最空行無為。	梵 行 迹 臥 寐    最 空 行 無 為  
ZH_T10_0292_006:0657c11_0	明為往安界，　　光所照若斯，	明 為 往 安 界    光 所 照 若 斯  
ZH_T10_0292_006:0657c12_13	觀察知眾生，　　行若干頻伸。	觀 察 知 眾 生    行 若 干 頻 伸  
ZH_T10_0292_006:0657c13_0	布施離慳貪、　　不輕慢禁戒、	布 施 離 慳 貪    不 輕 慢 禁 戒  
ZH_T10_0292_006:0657c14_0	忍辱捨瞋恚、　　精進最第一、	忍 辱 捨 瞋 恚    精 進 最 第 一  
ZH_T10_0292_006:0657c15_13	禪智得自在、　　慈心等眾生。	禪 智 得 自 在    慈 心 等 眾 生  
ZH_T10_0292_006:0657c16_13	愍哀無厭法，　　清淨盡塵勞；	愍 哀 無 厭 法    清 淨 盡 塵 勞  
ZH_T10_0292_006:0657c17_13	義寂順道法，　　以福施眾生。	義 寂 順 道 法    以 福 施 眾 生  
ZH_T10_0292_006:0657c18_0	聖慧利如犀，　　明智照廣遠，	聖 慧 利 如 犀    明 智 照 廣 遠  
ZH_T10_0292_006:0657c19_13	博聞無厭足，　　無畏拔妄想。	博 聞 無 厭 足    無 畏 拔 妄 想  
ZH_T10_0292_006:0657c20_0	制己立在行，　　得脫魔徑路，	制 己 立 在 行    得 脫 魔 徑 路  
ZH_T10_0292_006:0657c21_13	所修佛慧業，　　志性稽首奉。	所 修 佛 慧 業    志 性 稽 首 奉  
ZH_T10_0292_006:0657c22_0	棄捐于貢高，　　常遵為道義，	棄 捐 于 貢 高    常 遵 為 道 義  
ZH_T10_0292_006:0657c23_13	勗勉魔所困，　　從佛之威神。	勗 勉 魔 所 困    從 佛 之 威 神  
ZH_T10_0292_006:0657c24_0	大意隨法教，　　總義至無上，	大 意 隨 法 教    總 義 至 無 上  
ZH_T10_0292_006:0657c25_13	所作後追身，　　趣嚴度無極。	所 作 後 追 身    趣 嚴 度 無 極  
ZH_T10_0292_006:0657c26_0	所生現豪尊，　　初生行七步，	所 生 現 豪 尊    初 生 行 七 步  
ZH_T10_0292_006:0657c27_13	普顯諸伎術，　　示現處後宮。	普 顯 諸 伎 術    示 現 處 後 宮  
ZH_T10_0292_006:0657c28_0	棄家無所慕，　　修道至止本，	棄 家 無 所 慕    修 道 至 止 本  
ZH_T10_0292_006:0657c29_13	近空光明耀，　　習廣至誠業。	近 空 光 明 耀    習 廣 至 誠 業  
ZH_T10_0292_006:0658a01_0	降魔逮上道，　　轉法輪之跡，	降 魔 逮 上 道    轉 法 輪 之 跡  
ZH_T10_0292_006:0658a02_13	示在佛道地，　　大師無等倫。	示 在 佛 道 地    大 師 無 等 倫  
ZH_T10_0292_006:0658a03_0	此行無崖底、　　粗現或廣遠，	此 行 無 崖 底    粗 現 或 廣 遠  
ZH_T10_0292_006:0658a04_13	積行億載劫，　　以是為娛樂。	積 行 億 載 劫    以 是 為 娛 樂  
ZH_T10_0292_006:0658a05_0	億百千眾生，　　精修住佛德，	億 百 千 眾 生    精 修 住 佛 德  
ZH_T10_0292_006:0658a06_0	法者無有人、　　及著一切行，	法 者 無 有 人    及 著 一 切 行  
ZH_T10_0292_006:0658a07_13	此行合慧義，　　神通以自娛。	此 行 合 慧 義    神 通 以 自 娛  
ZH_T10_0292_006:0658a08_0	億千諸國土，　　萬百千載劫，	億 千 諸 國 土    萬 百 千 載 劫  
ZH_T10_0292_006:0658a09_0	手掌擎周行，　　億載國不勞，	手 掌 擎 周 行    億 載 國 不 勞  
ZH_T10_0292_006:0658a10_13	尋能還復處，　　不逼惱眾生。	尋 能 還 復 處    不 逼 惱 眾 生  
ZH_T10_0292_006:0658a11_0	諸佛國嚴淨，　　現之如有限，	諸 佛 國 嚴 淨    現 之 如 有 限  
ZH_T10_0292_006:0658a12_13	皆令眾生類，　　入於一毛孔。	皆 令 眾 生 類    入 於 一 毛 孔  
ZH_T10_0292_006:0658a13_0	使其四大海，　　在于一毛孔，	使 其 四 大 海    在 于 一 毛 孔  
ZH_T10_0292_006:0658a14_13	不增亦不減，　　益眾無迫惱。	不 增 亦 不 減    益 眾 無 迫 惱  
ZH_T10_0292_006:0658a15_0	掌捉大鐵圍，　　億姟如一塵，	掌 捉 大 鐵 圍    億 姟 如 一 塵  
ZH_T10_0292_006:0658a16_13	移億江沙土，　　還復著故處。	移 億 江 沙 土    還 復 著 故 處  
ZH_T10_0292_006:0658a17_0	取國并其土，　　或有破壞者，	取 國 并 其 土    或 有 破 壞 者  
ZH_T10_0292_006:0658a18_13	以無心降伏，　　所入不可盡。	以 無 心 降 伏    所 入 不 可 盡  
ZH_T10_0292_006:0658a19_0	假令百千日、　　一切月照眾，	假 令 百 千 日    一 切 月 照 眾  
ZH_T10_0292_006:0658a20_13	明珠大炎光、　　及諸天須倫；	明 珠 大 炎 光    及 諸 天 須 倫  
ZH_T10_0292_006:0658a21_0	演一毛之光，　　其耀超億載，	演 一 毛 之 光    其 耀 超 億 載  
ZH_T10_0292_006:0658a22_13	演無上法已，　　皆消世惡趣。	演 無 上 法 已    皆 消 世 惡 趣  
ZH_T10_0292_006:0658a23_0	若干種言音，　　眾生無餘辭，	若 干 種 言 音    眾 生 無 餘 辭  
ZH_T10_0292_006:0658a24_13	暢一音教已，　　皆周入諸訓。	暢 一 音 教 已    皆 周 入 諸 訓  
ZH_T10_0292_006:0658a25_0	得聞柔軟音，　　巨億眾忻然，	得 聞 柔 軟 音    巨 億 眾 忻 然  
ZH_T10_0292_006:0658a26_13	佛所講法音，　　咸共悉聽之。	佛 所 講 法 音    咸 共 悉 聽 之  
ZH_T10_0292_006:0658a27_13	計其過去劫，　　而覩當來事；	計 其 過 去 劫    而 覩 當 來 事  
ZH_T10_0292_006:0658a28_14	若當來、現在，　　為顯過去行。	若 當 來  現 在    為 顯 過 去 行  
ZH_T10_0292_006:0658a29_0	示限諸佛土，　　危壞復還復，	示 限 諸 佛 土    危 壞 復 還 復  
ZH_T10_0292_006:0658b01_13	以諸眾生億，　　悉具入一毛。	以 諸 眾 生 億    悉 具 入 一 毛  
ZH_T10_0292_006:0658b02_0	十方佛威神，　　建立得越度，	十 方 佛 威 神    建 立 得 越 度  
ZH_T10_0292_006:0658b03_13	皆己身真現，　　感動現變化。	皆 己 身 真 現    感 動 現 變 化  
ZH_T10_0292_006:0658b04_0	明者住無慢，　　曉了眾生心，	明 者 住 無 慢    曉 了 眾 生 心  
ZH_T10_0292_006:0658b05_13	隨其身示現，　　離垢不貪己。	隨 其 身 示 現    離 垢 不 貪 己  
ZH_T10_0292_006:0658b06_0	一切諸人身、　　口言所歸趣，	一 切 諸 人 身    口 言 所 歸 趣  
ZH_T10_0292_006:0658b07_0	釋梵四天王、　　諸天及世人、	釋 梵 四 天 王    諸 天 及 世 人  
ZH_T10_0292_006:0658b08_14	聲聞、緣覺乘，　　皆從佛身出。	聲 聞  緣 覺 乘    皆 從 佛 身 出  
ZH_T10_0292_006:0658b09_0	示奉行佛道，　　至於一切智，	示 奉 行 佛 道    至 於 一 切 智  
ZH_T10_0292_006:0658b10_13	皆入思想罔，　　清淨中瑕穢。	皆 入 思 想 罔    清 淨 中 瑕 穢  
ZH_T10_0292_006:0658b11_0	建立於普智，　　常現佛道國，	建 立 於 普 智    常 現 佛 道 國  
ZH_T10_0292_006:0658b12_13	念分別思想，　　總世自在智。	念 分 別 思 想    總 世 自 在 智  
ZH_T10_0292_006:0658b13_0	從其本行道，　　國為現所修，	從 其 本 行 道    國 為 現 所 修  
ZH_T10_0292_006:0658b14_13	所感動如此，　　善廣極現上。	所 感 動 如 此    善 廣 極 現 上  
ZH_T10_0292_006:0658b15_0	世俗所不及，　　為現如斯教，	世 俗 所 不 及    為 現 如 斯 教  
ZH_T10_0292_006:0658b16_13	所現無所現，　　復能有過者。	所 現 無 所 現    復 能 有 過 者  
ZH_T10_0292_006:0658b17_0	因黎庶性行，　　為顯真諦業，	因 黎 庶 性 行    為 顯 真 諦 業  
ZH_T10_0292_006:0658b18_13	其身等如空，　　其名聞三世。	其 身 等 如 空    其 名 聞 三 世  
ZH_T10_0292_006:0658b19_0	戒香衣自勳，　　寂然德莊嚴，	戒 香 衣 自 勳    寂 然 德 莊 嚴  
ZH_T10_0292_006:0658b20_13	被法離垢繒，　　普智如意珠。	被 法 離 垢 繒    普 智 如 意 珠  
ZH_T10_0292_006:0658b21_0	明智已備悉，　　功勳住普智，	明 智 已 備 悉    功 勳 住 普 智  
ZH_T10_0292_006:0658b22_13	逮度無極輪，　　常施最神通。	逮 度 無 極 輪    常 施 最 神 通  
ZH_T10_0292_006:0658b23_0	慧神足無礙，　　至智上明珠，	慧 神 足 無 礙    至 智 上 明 珠  
ZH_T10_0292_006:0658b24_13	其行淨妙女，　　殊勝攝四恩。	其 行 淨 妙 女    殊 勝 攝 四 恩  
ZH_T10_0292_006:0658b25_0	唱導以善權，　　德善本法輪，	唱 導 以 善 權    德 善 本 法 輪  
ZH_T10_0292_006:0658b26_5	居空定意尊。	居 空 定 意 尊  
ZH_T10_0292_006:0658b27_0	弓弩智惠意、　　諸根明為箭、	弓 弩 智 惠 意    諸 根 明 為 箭  
ZH_T10_0292_006:0658b28_13	建立為世蓋，　　聖慧𥩳幢幡。	建 立 為 世 蓋    聖 慧 𥩳 幢 幡  
ZH_T10_0292_006:0658b29_0	因降諸魔勢，　　伏以忍辱力，	因 降 諸 魔 勢    伏 以 忍 辱 力  
ZH_T10_0292_006:0658c01_13	土地攝總持，　　行慧淵智樹。	土 地 攝 總 持    行 慧 淵 智 樹  
ZH_T10_0292_006:0658c02_0	覺意華三昧，　　神足嚴娛樂，	覺 意 華 三 昧    神 足 嚴 娛 樂  
ZH_T10_0292_006:0658c03_0	解空為浴池，　　脫門要淨妻，	解 空 為 浴 池    脫 門 要 淨 妻  
ZH_T10_0292_006:0658c04_13	曉法甘露食，　　樂戲以三乘。	曉 法 甘 露 食    樂 戲 以 三 乘  
ZH_T10_0292_006:0658c05_0	是行為最尊，　　殊妙不過此，	是 行 為 最 尊    殊 妙 不 過 此  
ZH_T10_0292_006:0658c06_13	億姟百千劫，　　未曾興懈惓。	億 姟 百 千 劫    未 曾 興 懈 惓  
ZH_T10_0292_006:0658c07_0	恭敬聖淨土，　　曉眾樂無住，	恭 敬 聖 淨 土    曉 眾 樂 無 住  
ZH_T10_0292_006:0658c08_13	立慧諸妙樂，　　具足一切智。	立 慧 諸 妙 樂    具 足 一 切 智  
ZH_T10_0292_006:0658c09_0	勇猛計諸國，　　天雨消諸穢，	勇 猛 計 諸 國    天 雨 消 諸 穢  
ZH_T10_0292_006:0658c10_13	眾妙尚可盡，　　虛空亦可度。	眾 妙 尚 可 盡    虛 空 亦 可 度  
ZH_T10_0292_006:0658c11_0	須臾一時間，　　可曉眾心念，	須 臾 一 時 間    可 曉 眾 心 念  
ZH_T10_0292_006:0658c12_13	嗟歎諸佛子，　　百千劫無盡。	嗟 歎 諸 佛 子    百 千 劫 無 盡  
ZH_T10_0292_006:0658c13_0	欲致淨功勳，　　慧無能過者，	欲 致 淨 功 勳    慧 無 能 過 者  
ZH_T10_0292_006:0658c14_13	濟度眾苦患，　　令立於永安。	濟 度 眾 苦 患    令 立 於 永 安  
ZH_T10_0292_006:0658c15_0	至無盡平等，　　安住身、口、意，	至 無 盡 平 等    安 住 身  口  意  
ZH_T10_0292_006:0658c16_13	當堅固其心，　　造行如金剛。	當 堅 固 其 心    造 行 如 金 剛  
ZH_T10_0292_006:0658c19_1	」普賢菩薩說是語時，三千大千世界六反震動，其大光明普照十方，箜篌、樂器不鼓自鳴。	 普 賢 菩 薩 說 是 語 時  三千大千世界 六反震動  其 大 光明普照 十 方  箜 篌  樂 器 不 鼓 自 鳴  
ZH_T10_0292_006:0658c21_10	諸天人民莫不欣慶，聲聞弟子皆來歸命，諸菩薩等皆言其誠，一切眾會皆共歡然，悉發無上正真道意。	諸 天 人 民 莫 不 欣 慶  聲聞弟子 皆 來 歸 命  諸 菩 薩 等 皆 言 其 誠  一 切 眾 會 皆 共 歡 然  悉 發 無 上 正 真 道 意  
ZH_T10_0292_006:0658c22_8	普智菩薩復白佛言：	普 智 菩 薩 復 白 佛 言  
ZH_T10_0292_006:0658c22_19	「道從有言、無言致乎？	 道 從 有 言  無 言 致 乎  
ZH_T10_0292_006:0658c23_1	」佛言：	 佛 言  
ZH_T10_0292_006:0658c23_12	「亦從有言、亦從無言。	 亦 從 有 言  亦 從 無 言  
ZH_T10_0292_006:0658c29_8	墮在五趣生死之難、五陰六衰、所見䩭絆、十二因緣、六十二見、擾擾不安、或十二海、不度彼岸，此諸事業、百千種病，故佛設教施以法藥——戒定慧解、度知見品、四等、四恩、三十七品、六度無極、十二部經、空無想願、四諦三脫及以三寶——以用療治此諸穢病。	墮 在 五 趣 生 死 之 難  五 陰 六 衰  所 見 䩭 絆  十二因緣  六 十 二 見  擾 擾 不 安  或 十 二 海  不 度 彼 岸  此 諸 事 業  百 千 種 病  故 佛 設 教 施 以 法 藥   戒 定 慧 解  度 知 見 品  四 等  四 恩  三十七品  六 度 無 極  十二部經  空 無 想 願  四 諦 三 脫 及 以 三 寶   以 用 療 治 此 諸 穢 病  
ZH_T10_0292_006:0659a01_16	藥為病施，無病、無藥，三毒眾穢皆為重病，至正真慧而曰不病。	藥 為 病 施  無 病  無 藥  三 毒 眾 穢 皆 為 重 病  至 正 真 慧 而 曰 不 病  
ZH_T10_0292_006:0659a04_1	因緣所縛不解道者，故佛為暢曉喻文，說聚沫水泡、芭蕉、野馬、影、嚮、幻化、夢、月、荒忽，以解其意。	因 緣 所 縛 不 解 道 者  故 佛 為 暢 曉 喻 文  說 聚 沫 水 泡  芭 蕉  野 馬  影  嚮  幻 化  夢  月  荒 忽  以 解 其 意  
ZH_T10_0292_006:0659a04_11	此事皆虛，因或而生。	此 事 皆 虛  因 或 而 生  
ZH_T10_0292_006:0659a06_1	不貪世俗，習道法藥——六度、四等、四恩眾事——奉行此業得至於道。	不 貪 世 俗  習 道 法 藥   六 度  四 等  四 恩 眾 事   奉 行 此 業 得 至 於 道  
ZH_T10_0292_006:0659a07_15	解諸言教本皆無言，或有佛土無有五陰、六衰、三毒、因緣之縛，故無文說。	解 諸 言 教 本 皆 無 言  或 有 佛 土 無 有 五 陰  六 衰  三 毒  因 緣 之 縛  故 無 文 說  
ZH_T10_0292_006:0659a09_11	無身、無言，虛靜寂寞解無三界，不住有為、不處無為、不處中間，是為名曰從無言致。	無 身  無 言  虛 靜 寂 寞 解 無 三 界  不 住 有 為  不 處 無 為  不 處 中 間  是 為 名 曰 從 無 言 致  
ZH_T10_0292_006:0659a10_4	」普智復問：	 普 智 復 問  
ZH_T10_0292_006:0659a12_3	「今者眾會來集於此，或有深解諸根明徹、或有中人可進可退、或有下士不智所趣。	 今 者 眾 會 來 集 於 此  或 有 深 解 諸 根 明 徹  或 有 中 人 可 進 可 退  或 有 下 士 不 智 所 趣  
ZH_T10_0292_006:0659a12_18	達者無疑，中間、下士皆懷猶豫。	達 者 無 疑  中 間  下 士 皆 懷 猶 豫  
ZH_T10_0292_006:0659a13_3	所以者何？	所以者何  
ZH_T10_0292_006:0659a14_7	聞吾向者問二百事，普賢菩薩答以二千，各心念言：	聞 吾 向 者 問 二 百 事  普 賢 菩 薩 答 以 二 千  各 心 念 言  
ZH_T10_0292_006:0659a15_1	『事物煩閙，不知何事可奉、可捨？	 事 物 煩 閙  不 知 何 事 可 奉  可 捨  
ZH_T10_0292_006:0659a15_11	』願佛分別開解其意。	 願 佛 分 別 開 解 其 意  
ZH_T10_0292_006:0659a16_5	以何等故，事有二百答以二千？	以 何 等 故  事 有 二 百 答 以 二 千  
ZH_T10_0292_006:0659a16_9	」佛言：	 佛 言  
ZH_T10_0292_006:0659a16_16	「善哉，善哉。	 善 哉  善 哉  
ZH_T10_0292_006:0659a17_15	所問一何快乎，決將來疑，令諸學者不挾經罔。	所 問 一 何 快 乎  決 將 來 疑  令 諸 學 者 不 挾 經 罔  
ZH_T10_0292_006:0659a17_19	」佛言：	 佛 言  
ZH_T10_0292_006:0659a18_13	「諦聽，善思念之，當為汝說是義所趣。	 諦 聽  善思念之  當 為 汝 說 是 義 所 趣  
ZH_T10_0292_006:0659a18_17	」答言：	 答 言  
ZH_T10_0292_006:0659a18_21	「受教。	 受 教  
ZH_T10_0292_006:0659a19_1	」佛言：	 佛 言  
ZH_T10_0292_006:0659a19_12	「用有二故，故問二百。	 用 有 二 故  故 問 二 百  
ZH_T10_0292_006:0659a19_17	何謂為二？	何 謂 為 二  
ZH_T10_0292_006:0659a20_21	有神貪身，計有吾我，有內、有外，在有、在無，故問二百。	有 神 貪 身  計 有 吾 我  有 內  有 外  在 有  在 無  故 問 二 百  
ZH_T10_0292_006:0659a21_4	」又復問曰：	 又 復 問 曰  
ZH_T10_0292_006:0659a21_15	「用有此計，故有生死。	 用 有 此 計  故 有 生 死  
ZH_T10_0292_006:0659a22_4	何故復鄭重問二百事？	何 故 復 鄭 重 問 二 百 事  
ZH_T10_0292_006:0659a22_10	」世尊告曰：	 世 尊 告 曰  
ZH_T10_0292_006:0659a24_11	「其二百事所諮問，皆除吾我、內外、有無，則以權慧開化無際，不得內外乃得至道，開化一切。	 其 二 百 事 所 諮 問  皆 除 吾 我  內 外  有 無  則 以 權 慧 開 化 無 際  不 得 內 外 乃 得 至 道  開 化 一 切  
ZH_T10_0292_006:0659a25_8	」普智復問普賢菩薩：	 普 智 復 問 普 賢 菩 薩  
ZH_T10_0292_006:0659a25_18	「何故復重二千事答？	 何 故 復 重 二 千 事 答  
ZH_T10_0292_006:0659a26_3	」世尊告曰：	 世 尊 告 曰  
ZH_T10_0292_006:0659a27_2	「十方一切皆來集會，其心各異、意行不同。	 十 方 一 切 皆 來 集 會  其 心 各 異  意 行 不 同  
ZH_T10_0292_006:0659a27_11	達者聞要則以至道；	達 者 聞 要 則 以 至 道  
ZH_T10_0292_006:0659a29_5	不能達者，為演多辭，曉喻文說，牽攀義旨，目所覩形以喻其意乃得解慧。	不 能 達 者  為 演 多 辭  曉 喻 文 說  牽 攀 義 旨  目 所 覩 形 以 喻 其 意 乃 得 解 慧  
ZH_T10_0292_006:0659b01_13	如衣多垢，以淳灰浣，若干反數乃得淨耳，然後染之其色乃鮮。	如 衣 多 垢  以 淳 灰 浣  若 干 反 數 乃 得 淨 耳  然 後 染 之 其 色 乃 鮮  
ZH_T10_0292_006:0659b03_2	譬如有人欲起屋宅，其地高下不能平正，多有溷廁、蛇虺、毒虫。	譬 如 有 人 欲 起 屋 宅  其 地 高 下 不 能 平 正  多 有 溷 廁  蛇 虺  毒 虫  
ZH_T10_0292_006:0659b04_7	高下平之、徙去不淨、擯棄蛇虺、築牆園基，乃起屋宅。	高 下 平 之  徙 去 不 淨  擯 棄 蛇 虺  築 牆 園 基  乃 起 屋 宅  
ZH_T10_0292_006:0659b06_13	菩薩如是，除去五陰、六衰、十二因緣、吾我諸蓋，行大慈哀、智慧善權，為眾法舍、為世間護、為世間臺。	菩 薩 如 是  除 去 五 陰  六 衰  十二因緣  吾 我 諸 蓋  行 大 慈 哀  智 慧 善 權  為 眾 法 舍  為 世 間 護  為 世 間 臺  
ZH_T10_0292_006:0659b06_19	」普智復問：	 普 智 復 問  
ZH_T10_0292_006:0659b07_2	「何謂法舍？	 何 謂 法 舍  
ZH_T10_0292_006:0659b07_8	」世尊告曰：	 世 尊 告 曰  
ZH_T10_0292_006:0659b08_17	「教化一切皆入空慧，無增、無愛，心無妄想，度脫眾生，是為法舍。	 教 化 一 切 皆 入 空 慧  無 增  無 愛  心 無 妄 想  度 脫 眾 生  是 為 法 舍  
ZH_T10_0292_006:0659b09_1	」普智復問：	 普 智 復 問  
ZH_T10_0292_006:0659b09_7	「何謂為臺？	 何 謂 為 臺  
ZH_T10_0292_006:0659b09_13	」世尊告曰：	 世 尊 告 曰  
ZH_T10_0292_006:0659b10_14	「以六神通徹視覩見十方心念，徹聽有形、亦察無形。	 以 六 神 通 徹 視 覩 見 十 方 心 念  徹 聽 有 形  亦 察 無 形  
ZH_T10_0292_006:0659b11_16	身遍十方，無有去來，道心覩見一切根原本無處所。	身 遍 十 方  無 有 去 來  道 心 覩 見 一 切 根 原 本 無 處 所  
ZH_T10_0292_006:0659b13_10	見已本際，不處有無、不處生死、不住滅度，開心一切皆至大道，是曰為臺。	見 已 本 際  不 處 有 無  不 處 生 死  不 住 滅 度  開 心 一 切 皆 至 大 道  是 曰 為 臺  
ZH_T10_0292_006:0659b13_17	」「何謂為護？	  何 謂 為 護  
ZH_T10_0292_006:0659b14_1	」世尊告曰：	 世 尊 告 曰  
ZH_T10_0292_006:0659b14_16	「隨時開化，入於五道而淨五眼。	 隨 時 開 化  入 於 五 道 而 淨 五 眼  
ZH_T10_0292_006:0659b15_1	何謂為五？	何 謂 為 五  
ZH_T10_0292_006:0659b16_5	一曰、肉眼，處於世間現四大身，因此開化度脫眾生。	一 曰  肉 眼  處 於 世 間 現 四 大 身  因 此 開 化 度 脫 眾 生  
ZH_T10_0292_006:0659b16_10	何謂天眼？	何 謂 天 眼  
ZH_T10_0292_006:0659b17_14	諸在天上及在世間未識至道，示以三乘各令得所。	諸 在 天 上 及 在 世 間 未 識 至 道  示 以 三 乘 各 令 得 所  
ZH_T10_0292_006:0659b17_19	何謂慧眼？	何 謂 慧 眼  
ZH_T10_0292_006:0659b18_17	其不能解智度無極皆開化之，使入大慧。	其 不 能 解 智 度 無 極 皆 開 化 之  使 入 大 慧  
ZH_T10_0292_006:0659b19_3	何謂法眼？	何 謂 法 眼  
ZH_T10_0292_006:0659b20_13	其在褊局不能恢泰悉開化之，解法身一無去、來、今，平等三世。	其 在 褊 局 不 能 恢 泰 悉 開 化 之  解 法 身 一 無 去  來  今  平 等 三 世  
ZH_T10_0292_006:0659b20_18	何謂佛眼？	何 謂 佛 眼  
ZH_T10_0292_006:0659b21_14	其迷或者不識正真，陰蓋所覆譬如睡眠。	其 迷 或 者 不 識 正 真  陰 蓋 所 覆 譬 如 睡 眠  
ZH_T10_0292_006:0659b24_11	示以四等、四恩之行、布施、持戒、忍辱、精進、一心、智慧，善權方便，隨時而化，進退隨宜不失一切，各令得所、皆發無上正真道意。	示 以 四 等  四 恩 之 行  布 施  持 戒  忍 辱  精 進  一 心  智 慧  善權方便  隨 時 而 化  進 退 隨 宜 不 失 一 切  各 令 得 所  皆 發 無 上 正 真 道 意  
ZH_T10_0292_006:0659b25_4	」普智復問：	 普 智 復 問  
ZH_T10_0292_006:0659b25_16	「何謂此經名『度世品』？	 何 謂 此 經 名  度 世 品   
ZH_T10_0292_006:0659b25_20	」佛言：	 佛 言  
ZH_T10_0292_006:0659b26_6	「一切眾生閉在世間。	 一 切 眾 生 閉 在 世 間  
ZH_T10_0292_006:0659b26_11	何謂為閉？	何 謂 為 閉  
ZH_T10_0292_006:0659b27_11	五陰、六衰之所覆蓋，纏綿生死，不能自拔。	五 陰  六 衰 之 所 覆 蓋  纏 綿 生 死  不 能 自 拔  
ZH_T10_0292_006:0659b29_3	以權方便智度無極，消去五陰、捐棄六衰、不計吾我、不在生死、不住滅度。	以 權 方 便 智 度 無 極  消 去 五 陰  捐 棄 六 衰  不 計 吾 我  不 在 生 死  不 住 滅 度  
ZH_T10_0292_006:0659b29_12	譬如日月晝夜演光。	譬 如 日 月 晝 夜 演 光  
ZH_T10_0292_006:0659c01_3	權慧如是，忽然無迹；	權 慧 如 是  忽 然 無 迹  
ZH_T10_0292_006:0659c01_13	德如虛空，無有譬喻。	德 如 虛 空  無 有 譬 喻  
ZH_T10_0292_006:0659c02_3	是故號曰『度世品』。	是 故 號 曰  度 世 品   
ZH_T10_0292_006:0659c05_1	」佛說如是，普智菩薩、普賢菩薩，諸來會者——天、龍、鬼、神、阿須輪——聞佛所說莫不歡喜，為佛作禮。	 佛 說 如 是  普 智 菩 薩  普 賢 菩 薩  諸 來 會 者   天  龍  鬼  神  阿 須 輪   聞 佛 所 說 莫 不 歡 喜  為 佛 作 禮  
ZH_T10_0292_006:0659c06_100	度世品經卷第六	度 世 品 經 卷 第 六 
